index,size,time,ip
0,-74,1647339608.280344000,54.230.130.22
1,66,1647339608.280362000,192.168.10.155
2,284,1647339608.281388000,192.168.10.155
3,130,1647339608.282633000,192.168.10.155
4,499,1647339608.282897000,192.168.10.155
5,-60,1647339608.287769000,54.239.168.97
6,-97,1647339608.287770000,54.213.16.197
7,-66,1647339608.287771000,54.213.16.197
8,54,1647339608.287806000,192.168.10.155
9,54,1647339608.287822000,192.168.10.155
10,-66,1647339608.288103000,54.239.168.97
11,-66,1647339608.288104000,54.239.168.97
12,-66,1647339608.288104000,54.230.130.22
13,-610,1647339608.288104000,54.239.168.97
14,66,1647339608.288116000,192.168.10.155
15,90,1647339608.288410000,192.168.10.155
16,66,1647339608.288432000,192.168.10.155
17,-90,1647339608.288646000,54.239.168.97
18,-1494,1647339608.288647000,54.230.130.22
19,54,1647339608.288661000,192.168.10.155
20,66,1647339608.288681000,192.168.10.155
21,-1494,1647339608.289466000,54.230.130.22
22,66,1647339608.289475000,192.168.10.155
23,74,1647339608.290118000,192.168.10.155
24,-1122,1647339608.292144000,54.230.130.22
25,66,1647339608.292157000,192.168.10.155
26,-74,1647339608.292953000,54.239.168.97
27,66,1647339608.292970000,192.168.10.155
28,159,1647339608.293603000,192.168.10.155
29,583,1647339608.296173000,192.168.10.155
30,-66,1647339608.297964000,54.230.130.22
31,74,1647339608.298508000,192.168.10.155
32,-237,1647339608.298539000,54.230.130.22
33,66,1647339608.298551000,192.168.10.155
34,538,1647339608.299017000,192.168.10.155
35,-66,1647339608.300312000,54.239.168.97
36,-2922,1647339608.301532000,54.239.168.97
37,66,1647339608.301552000,192.168.10.155
38,-74,1647339608.304556000,54.230.130.235
39,-66,1647339608.304557000,54.230.130.22
40,-1060,1647339608.304557000,54.230.130.22
41,66,1647339608.304585000,192.168.10.155
42,66,1647339608.304609000,192.168.10.155
43,-1208,1647339608.305487000,54.239.168.97
44,66,1647339608.305500000,192.168.10.155
45,583,1647339608.307711000,192.168.10.155
46,561,1647339608.312064000,192.168.10.155
47,130,1647339608.313105000,192.168.10.155
48,500,1647339608.313212000,192.168.10.155
49,-66,1647339608.316041000,54.230.130.22
50,-66,1647339608.316042000,54.230.130.235
51,-1449,1647339608.316410000,54.230.130.22
52,-66,1647339608.316411000,54.239.168.97
53,-66,1647339608.316411000,54.239.168.97
54,-610,1647339608.316411000,54.239.168.97
55,66,1647339608.316448000,192.168.10.155
56,90,1647339608.316838000,192.168.10.155
57,66,1647339608.316866000,192.168.10.155
58,-4350,1647339608.320553000,54.230.130.235
59,-90,1647339608.320555000,54.239.168.97
60,66,1647339608.320614000,192.168.10.155
61,54,1647339608.320708000,192.168.10.155
62,74,1647339608.322527000,192.168.10.155
63,-1037,1647339608.325991000,54.230.130.235
64,66,1647339608.325999000,192.168.10.155
65,130,1647339608.329613000,192.168.10.155
66,-74,1647339608.331023000,54.239.168.97
67,66,1647339608.331042000,192.168.10.155
68,-66,1647339608.333457000,54.230.130.235
69,-128,1647339608.333458000,54.230.130.235
70,66,1647339608.333483000,192.168.10.155
71,236,1647339608.358414000,192.168.10.155
72,649,1647339608.358437000,192.168.10.155
73,97,1647339608.358865000,192.168.10.155
74,66,1647339608.359480000,192.168.10.155
75,583,1647339608.360307000,192.168.10.155
76,-66,1647339608.362171000,54.230.130.235
77,-66,1647339608.362181000,54.230.130.235
78,-66,1647339608.362182000,54.230.130.235
79,-97,1647339608.365504000,54.230.130.235
80,-66,1647339608.365504000,54.239.168.97
81,66,1647339608.365530000,192.168.10.155
82,-2922,1647339608.367449000,54.239.168.97
83,66,1647339608.367463000,192.168.10.155
84,-1208,1647339608.368404000,54.239.168.97
85,66,1647339608.368430000,192.168.10.155
86,130,1647339608.371454000,192.168.10.155
87,494,1647339608.371613000,192.168.10.155
88,-66,1647339608.376632000,54.239.168.97
89,-66,1647339608.376633000,54.239.168.97
90,-1494,1647339608.376634000,54.239.168.97
91,66,1647339608.376660000,192.168.10.155
92,-2922,1647339608.379541000,54.239.168.97
93,66,1647339608.379554000,192.168.10.155
94,-2922,1647339608.379597000,54.239.168.97
95,-90,1647339608.379597000,54.239.168.97
96,-66,1647339608.379597000,54.239.168.97
97,66,1647339608.379605000,192.168.10.155
98,66,1647339608.379610000,192.168.10.155
99,90,1647339608.379760000,192.168.10.155
100,66,1647339608.379774000,192.168.10.155
101,74,1647339608.385083000,192.168.10.155
102,-60,1647339608.386365000,54.239.168.97
103,-60,1647339608.386365000,54.239.168.97
104,-74,1647339608.391104000,54.239.168.97
105,66,1647339608.391120000,192.168.10.155
106,583,1647339608.393133000,192.168.10.155
107,-66,1647339608.403963000,54.239.168.97
108,-2922,1647339608.404961000,54.239.168.97
109,66,1647339608.404992000,192.168.10.155
110,-1208,1647339608.407041000,54.239.168.97
111,66,1647339608.407060000,192.168.10.155
112,130,1647339608.412104000,192.168.10.155
113,495,1647339608.412327000,192.168.10.155
114,-66,1647339608.416609000,54.239.168.97
115,-66,1647339608.416611000,54.239.168.97
116,-642,1647339608.416928000,54.239.168.97
117,66,1647339608.416954000,192.168.10.155
118,-90,1647339608.417222000,54.239.168.97
119,90,1647339608.417434000,192.168.10.155
120,66,1647339608.417468000,192.168.10.155
121,74,1647339608.420140000,192.168.10.155
122,-60,1647339608.424063000,54.239.168.97
123,-60,1647339608.424064000,54.239.168.97
124,-74,1647339608.426543000,54.239.168.97
125,66,1647339608.426567000,192.168.10.155
126,583,1647339608.430168000,192.168.10.155
127,-66,1647339608.436145000,54.239.168.97
128,-2922,1647339608.439525000,54.239.168.97
129,-1208,1647339608.439526000,54.239.168.97
130,66,1647339608.439538000,192.168.10.155
131,66,1647339608.439561000,192.168.10.155
132,130,1647339608.442401000,192.168.10.155
133,500,1647339608.442567000,192.168.10.155
134,-66,1647339608.449771000,54.239.168.97
135,-66,1647339608.449772000,54.239.168.97
136,-2922,1647339608.456001000,54.239.168.97
137,66,1647339608.456020000,192.168.10.155
138,-13616,1647339608.457484000,54.239.168.97
139,66,1647339608.457500000,192.168.10.155
140,-15774,1647339608.457549000,54.239.168.97
141,66,1647339608.457554000,192.168.10.155
142,-7206,1647339608.457572000,54.239.168.97
143,66,1647339608.457575000,192.168.10.155
144,-2922,1647339608.462731000,54.239.168.97
145,66,1647339608.462756000,192.168.10.155
146,-2922,1647339608.463927000,54.239.168.97
147,66,1647339608.463951000,192.168.10.155
148,-1494,1647339608.465601000,54.239.168.97
149,66,1647339608.465627000,192.168.10.155
150,-1494,1647339608.465696000,54.239.168.97
151,66,1647339608.465704000,192.168.10.155
152,-5778,1647339608.468172000,54.239.168.97
153,66,1647339608.468191000,192.168.10.155
154,-17202,1647339608.468338000,54.239.168.97
155,66,1647339608.468347000,192.168.10.155
156,-3402,1647339608.468395000,54.239.168.97
157,66,1647339608.468406000,192.168.10.155
158,90,1647339608.468635000,192.168.10.155
159,66,1647339608.468681000,192.168.10.155
160,74,1647339608.471723000,192.168.10.155
161,-74,1647339608.475583000,54.239.168.97
162,66,1647339608.475602000,192.168.10.155
163,-60,1647339608.476146000,54.239.168.97
164,-60,1647339608.476147000,54.239.168.97
165,583,1647339608.478875000,192.168.10.155
166,-66,1647339608.485061000,54.239.168.97
167,-1494,1647339608.485062000,54.239.168.97
168,66,1647339608.485102000,192.168.10.155
169,-1494,1647339608.485384000,54.239.168.97
170,66,1647339608.485392000,192.168.10.155
171,-1208,1647339608.489591000,54.239.168.97
172,66,1647339608.489605000,192.168.10.155
173,130,1647339608.492385000,192.168.10.155
174,501,1647339608.492520000,192.168.10.155
175,-66,1647339608.497467000,54.239.168.97
176,-66,1647339608.497468000,54.239.168.97
177,-675,1647339608.499670000,54.239.168.97
178,-90,1647339608.499672000,54.239.168.97
179,66,1647339608.499700000,192.168.10.155
180,90,1647339608.500118000,192.168.10.155
181,66,1647339608.500154000,192.168.10.155
182,74,1647339608.506280000,192.168.10.155
183,-60,1647339608.520412000,54.239.168.97
184,-60,1647339608.520415000,54.239.168.97
185,-74,1647339608.520965000,54.239.168.97
186,66,1647339608.521016000,192.168.10.155
187,583,1647339608.525426000,192.168.10.155
188,-66,1647339608.528962000,54.239.168.97
189,-2922,1647339608.536050000,54.239.168.97
190,66,1647339608.536111000,192.168.10.155
191,-1208,1647339608.536599000,54.239.168.97
192,66,1647339608.536627000,192.168.10.155
193,130,1647339608.543146000,192.168.10.155
194,508,1647339608.543366000,192.168.10.155
195,-66,1647339608.551269000,54.239.168.97
196,-66,1647339608.551271000,54.239.168.97
197,-4102,1647339608.552412000,54.239.168.97
198,66,1647339608.552428000,192.168.10.155
199,90,1647339608.552888000,192.168.10.155
200,-90,1647339608.552933000,54.239.168.97
201,66,1647339608.552934000,192.168.10.155
202,54,1647339608.552968000,192.168.10.155
203,74,1647339608.556136000,192.168.10.155
204,-74,1647339608.569071000,54.239.168.97
205,66,1647339608.569137000,192.168.10.155
206,583,1647339608.573630000,192.168.10.155
207,-66,1647339608.584348000,54.239.168.97
208,-1494,1647339608.584349000,54.239.168.97
209,66,1647339608.584399000,192.168.10.155
210,-1494,1647339608.585202000,54.239.168.97
211,-1208,1647339608.585203000,54.239.168.97
212,66,1647339608.585216000,192.168.10.155
213,66,1647339608.585240000,192.168.10.155
214,130,1647339608.591436000,192.168.10.155
215,506,1647339608.591758000,192.168.10.155
216,-1106,1647339608.593860000,54.230.130.235
217,-1494,1647339608.593861000,54.230.130.235
218,66,1647339608.593900000,192.168.10.155
219,66,1647339608.593938000,192.168.10.155
220,-3432,1647339608.594195000,54.230.130.235
221,66,1647339608.594207000,192.168.10.155
222,-66,1647339608.595731000,54.239.168.97
223,-66,1647339608.595732000,54.239.168.97
224,-2822,1647339608.598273000,54.239.168.97
225,66,1647339608.598297000,192.168.10.155
226,90,1647339608.598667000,192.168.10.155
227,66,1647339608.598700000,192.168.10.155
228,-90,1647339608.603557000,54.239.168.97
229,-1494,1647339608.603558000,54.230.130.235
230,54,1647339608.603587000,192.168.10.155
231,66,1647339608.603610000,192.168.10.155
232,-5525,1647339608.604712000,54.230.130.235
233,66,1647339608.604725000,192.168.10.155
234,74,1647339608.613198000,192.168.10.155
235,-74,1647339608.617559000,54.239.168.97
236,66,1647339608.617669000,192.168.10.155
237,583,1647339608.619991000,192.168.10.155
238,-66,1647339608.629048000,54.239.168.97
239,-1494,1647339608.629059000,54.239.168.97
240,66,1647339608.629092000,192.168.10.155
241,-1494,1647339608.630278000,54.239.168.97
242,-1208,1647339608.630279000,54.239.168.97
243,66,1647339608.630296000,192.168.10.155
244,66,1647339608.630327000,192.168.10.155
245,130,1647339608.634845000,192.168.10.155
246,518,1647339608.635062000,192.168.10.155
247,-66,1647339608.642427000,54.239.168.97
248,-66,1647339608.646091000,54.239.168.97
249,-996,1647339608.646091000,54.239.168.97
250,66,1647339608.646113000,192.168.10.155
251,90,1647339608.646359000,192.168.10.155
252,66,1647339608.646376000,192.168.10.155
253,-90,1647339608.652453000,54.239.168.97
254,54,1647339608.652486000,192.168.10.155
255,74,1647339608.670245000,192.168.10.155
256,74,1647339608.672180000,192.168.10.155
257,74,1647339608.672286000,192.168.10.155
258,74,1647339608.672339000,192.168.10.155
259,74,1647339608.672388000,192.168.10.155
260,74,1647339608.672442000,192.168.10.155
261,547,1647339608.673351000,192.168.10.155
262,-74,1647339608.682990000,54.239.168.97
263,66,1647339608.683032000,192.168.10.155
264,-74,1647339608.684326000,54.230.129.136
265,-66,1647339608.684327000,54.230.130.22
266,-74,1647339608.684328000,54.230.129.136
267,-74,1647339608.684328000,54.230.129.136
268,-74,1647339608.684329000,54.230.129.136
269,-74,1647339608.684329000,54.230.129.136
270,-1069,1647339608.684330000,54.230.130.22
271,66,1647339608.684358000,192.168.10.155
272,66,1647339608.684381000,192.168.10.155
273,66,1647339608.684388000,192.168.10.155
274,66,1647339608.684395000,192.168.10.155
275,66,1647339608.684403000,192.168.10.155
276,66,1647339608.684410000,192.168.10.155
277,583,1647339608.687003000,192.168.10.155
278,583,1647339608.690722000,192.168.10.155
279,583,1647339608.693272000,192.168.10.155
280,-66,1647339608.695137000,54.239.168.97
281,-1494,1647339608.695138000,54.239.168.97
282,66,1647339608.695159000,192.168.10.155
283,583,1647339608.695656000,192.168.10.155
284,-1494,1647339608.696450000,54.239.168.97
285,-1208,1647339608.696450000,54.239.168.97
286,66,1647339608.696456000,192.168.10.155
287,66,1647339608.696462000,192.168.10.155
288,-66,1647339608.697007000,54.230.129.136
289,-66,1647339608.697007000,54.230.129.136
290,583,1647339608.697445000,192.168.10.155
291,-1494,1647339608.697658000,54.230.129.136
292,66,1647339608.697662000,192.168.10.155
293,-1494,1647339608.697776000,54.230.129.136
294,66,1647339608.697780000,192.168.10.155
295,583,1647339608.699722000,192.168.10.155
296,570,1647339608.699923000,192.168.10.155
297,-1494,1647339608.701316000,54.230.129.136
298,-4350,1647339608.701321000,54.230.129.136
299,66,1647339608.701394000,192.168.10.155
300,66,1647339608.701438000,192.168.10.155
301,-66,1647339608.702116000,54.230.129.136
302,-997,1647339608.702117000,54.230.129.136
303,-4350,1647339608.702121000,54.230.129.136
304,-997,1647339608.702122000,54.230.129.136
305,66,1647339608.702182000,192.168.10.155
306,66,1647339608.702221000,192.168.10.155
307,66,1647339608.702228000,192.168.10.155
308,-997,1647339608.702401000,54.230.129.136
309,-66,1647339608.702402000,54.230.129.136
310,66,1647339608.702420000,192.168.10.155
311,-66,1647339608.703303000,54.230.129.136
312,-1832,1647339608.703305000,54.230.130.22
313,66,1647339608.703356000,192.168.10.155
314,-4350,1647339608.704245000,54.230.129.136
315,-2922,1647339608.704249000,54.230.129.136
316,66,1647339608.704278000,192.168.10.155
317,66,1647339608.704306000,192.168.10.155
318,-1494,1647339608.711622000,54.230.129.136
319,-997,1647339608.711622000,54.230.129.136
320,66,1647339608.711641000,192.168.10.155
321,66,1647339608.711656000,192.168.10.155
322,-997,1647339608.712198000,54.230.129.136
323,66,1647339608.712209000,192.168.10.155
324,130,1647339608.713981000,192.168.10.155
325,130,1647339608.714420000,192.168.10.155
326,518,1647339608.716992000,192.168.10.155
327,236,1647339608.717244000,192.168.10.155
328,130,1647339608.717574000,192.168.10.155
329,130,1647339608.718402000,192.168.10.155
330,236,1647339608.720384000,192.168.10.155
331,253,1647339608.721534000,192.168.10.155
332,897,1647339608.721590000,192.168.10.155
333,394,1647339608.721596000,192.168.10.155
334,178,1647339608.722131000,192.168.10.155
335,130,1647339608.723177000,192.168.10.155
336,253,1647339608.723377000,192.168.10.155
337,130,1647339608.723624000,192.168.10.155
338,445,1647339608.723863000,192.168.10.155
339,253,1647339608.724081000,192.168.10.155
340,332,1647339608.724250000,192.168.10.155
341,-66,1647339608.725982000,54.230.129.136
342,-66,1647339608.725982000,54.230.129.136
343,-66,1647339608.725983000,54.230.129.136
344,-66,1647339608.725983000,54.230.129.136
345,-66,1647339608.728447000,54.230.129.136
346,-66,1647339608.728448000,54.239.168.97
347,-66,1647339608.728448000,54.239.168.97
348,-128,1647339608.728452000,54.230.129.136
349,-137,1647339608.728452000,54.230.129.136
350,-66,1647339608.728453000,54.230.129.136
351,-66,1647339608.728453000,54.230.129.136
352,-66,1647339608.728453000,54.230.129.136
353,66,1647339608.728468000,192.168.10.155
354,66,1647339608.728479000,192.168.10.155
355,-97,1647339608.728502000,54.230.129.136
356,-675,1647339608.728502000,54.239.168.97
357,-137,1647339608.728503000,54.230.129.136
358,-90,1647339608.728503000,54.239.168.97
359,-2922,1647339608.728503000,54.230.129.136
360,66,1647339608.728508000,192.168.10.155
361,66,1647339608.728513000,192.168.10.155
362,66,1647339608.728517000,192.168.10.155
363,66,1647339608.728523000,192.168.10.155
364,-5778,1647339608.728693000,54.230.129.136
365,-8634,1647339608.728695000,54.230.129.136
366,66,1647339608.728707000,192.168.10.155
367,66,1647339608.728719000,192.168.10.155
368,-7904,1647339608.728766000,54.230.129.136
369,-7904,1647339608.728768000,54.230.129.136
370,66,1647339608.728775000,192.168.10.155
371,66,1647339608.728783000,192.168.10.155
372,-66,1647339608.728799000,54.230.129.136
373,-66,1647339608.728800000,54.230.129.136
374,-66,1647339608.728800000,54.230.129.136
375,-128,1647339608.728801000,54.230.129.136
376,66,1647339608.728815000,192.168.10.155
377,97,1647339608.728894000,192.168.10.155
378,97,1647339608.729209000,192.168.10.155
379,-8634,1647339608.729260000,54.230.129.136
380,-2922,1647339608.729261000,54.230.129.136
381,66,1647339608.729272000,192.168.10.155
382,66,1647339608.729281000,192.168.10.155
383,90,1647339608.729603000,192.168.10.155
384,66,1647339608.729625000,192.168.10.155
385,-5778,1647339608.729763000,54.230.129.136
386,-66,1647339608.729764000,54.230.129.136
387,-3495,1647339608.729765000,54.230.129.136
388,66,1647339608.729775000,192.168.10.155
389,66,1647339608.729792000,192.168.10.155
390,-66,1647339608.729820000,54.230.129.136
391,-137,1647339608.729820000,54.230.129.136
392,-8624,1647339608.729822000,54.230.129.136
393,66,1647339608.729832000,192.168.10.155
394,66,1647339608.729840000,192.168.10.155
395,-66,1647339608.729885000,54.230.129.136
396,-8634,1647339608.729887000,54.230.129.136
397,-5778,1647339608.729889000,54.230.129.136
398,66,1647339608.729900000,192.168.10.155
399,-66,1647339608.729915000,54.230.129.136
400,-97,1647339608.729915000,54.230.129.136
401,-1494,1647339608.729916000,54.230.129.136
402,66,1647339608.729924000,192.168.10.155
403,90,1647339608.730095000,192.168.10.155
404,66,1647339608.730113000,192.168.10.155
405,66,1647339608.730275000,192.168.10.155
406,90,1647339608.731257000,192.168.10.155
407,66,1647339608.731279000,192.168.10.155
408,90,1647339608.731432000,192.168.10.155
409,66,1647339608.731462000,192.168.10.155
410,74,1647339608.732856000,192.168.10.155
411,-66,1647339608.739541000,54.230.129.136
412,-1494,1647339608.739542000,54.230.129.136
413,-1494,1647339608.740280000,54.230.129.136
414,-66,1647339608.740281000,54.230.129.136
415,-2922,1647339608.740281000,54.230.129.136
416,-8634,1647339608.740283000,54.230.129.136
417,66,1647339608.740295000,192.168.10.155
418,66,1647339608.740321000,192.168.10.155
419,66,1647339608.740329000,192.168.10.155
420,66,1647339608.740335000,192.168.10.155
421,-66,1647339608.741179000,54.230.129.136
422,-8634,1647339608.741182000,54.230.129.136
423,-60,1647339608.741182000,54.239.168.97
424,66,1647339608.741209000,192.168.10.155
425,-60,1647339608.741283000,54.239.168.97
426,-8634,1647339608.741285000,54.230.129.136
427,-8634,1647339608.741287000,54.230.129.136
428,66,1647339608.741295000,192.168.10.155
429,66,1647339608.741302000,192.168.10.155
430,-66,1647339608.741326000,54.230.129.136
431,-8634,1647339608.741328000,54.230.129.136
432,-66,1647339608.741329000,54.230.129.136
433,66,1647339608.741335000,192.168.10.155
434,-8634,1647339608.741364000,54.230.129.136
435,-2922,1647339608.741365000,54.230.129.136
436,66,1647339608.741371000,192.168.10.155
437,66,1647339608.741387000,192.168.10.155
438,-2922,1647339608.741427000,54.230.129.136
439,-12918,1647339608.741429000,54.230.129.136
440,66,1647339608.741434000,192.168.10.155
441,66,1647339608.741439000,192.168.10.155
442,-5069,1647339608.741460000,54.230.129.136
443,-66,1647339608.741460000,54.230.129.136
444,-66,1647339608.741460000,54.230.129.136
445,-66,1647339608.741461000,54.230.129.136
446,-66,1647339608.741461000,54.230.129.136
447,66,1647339608.741467000,192.168.10.155
448,66,1647339608.741483000,192.168.10.155
449,66,1647339608.741492000,192.168.10.155
450,-11606,1647339608.741518000,54.230.129.136
451,66,1647339608.741522000,192.168.10.155
452,-74,1647339608.741531000,54.239.168.97
453,66,1647339608.741543000,192.168.10.155
454,583,1647339608.747971000,192.168.10.155
455,-2922,1647339608.753685000,54.230.129.136
456,66,1647339608.753712000,192.168.10.155
457,-4234,1647339608.754802000,54.230.129.136
458,-12918,1647339608.754804000,54.230.129.136
459,66,1647339608.754813000,192.168.10.155
460,66,1647339608.754825000,192.168.10.155
461,-5084,1647339608.754841000,54.230.129.136
462,66,1647339608.754845000,192.168.10.155
463,-66,1647339608.758346000,54.239.168.97
464,-1494,1647339608.758346000,54.239.168.97
465,66,1647339608.758372000,192.168.10.155
466,-1494,1647339608.761304000,54.239.168.97
467,-1208,1647339608.761304000,54.239.168.97
468,66,1647339608.761318000,192.168.10.155
469,66,1647339608.761333000,192.168.10.155
470,130,1647339608.765368000,192.168.10.155
471,517,1647339608.765618000,192.168.10.155
472,-66,1647339608.774356000,54.239.168.97
473,-66,1647339608.774356000,54.239.168.97
474,-772,1647339608.784110000,54.239.168.97
475,-90,1647339608.784111000,54.239.168.97
476,66,1647339608.784131000,192.168.10.155
477,90,1647339608.784501000,192.168.10.155
478,66,1647339608.784526000,192.168.10.155
479,-60,1647339608.794676000,54.239.168.97
480,-60,1647339608.794676000,54.239.168.97
481,-1605,1647339608.795342000,54.230.130.235
482,-4923,1647339608.795343000,54.230.130.235
483,-3860,1647339608.795345000,54.230.130.235
484,66,1647339608.795356000,192.168.10.155
485,66,1647339608.795374000,192.168.10.155
486,66,1647339608.795377000,192.168.10.155
487,-1494,1647339608.795382000,54.230.130.235
488,66,1647339608.795387000,192.168.10.155
489,-3298,1647339608.795548000,54.230.130.235
490,66,1647339608.795554000,192.168.10.155
491,-5778,1647339608.889152000,54.230.130.235
492,66,1647339608.889164000,192.168.10.155
493,-7206,1647339608.889587000,54.230.130.235
494,-4350,1647339608.889588000,54.230.130.235
495,66,1647339608.889598000,192.168.10.155
496,66,1647339608.889609000,192.168.10.155
497,-5883,1647339608.889890000,54.230.130.235
498,-12918,1647339608.889892000,54.230.130.235
499,66,1647339608.889898000,192.168.10.155
500,66,1647339608.889910000,192.168.10.155
501,-5263,1647339608.891340000,54.230.130.235
502,66,1647339608.891350000,192.168.10.155
503,-2922,1647339608.892440000,54.230.130.235
504,66,1647339608.892474000,192.168.10.155
505,-6242,1647339608.893079000,54.230.130.235
506,66,1647339608.893099000,192.168.10.155
507,-2922,1647339608.894269000,54.230.130.235
508,66,1647339608.894310000,192.168.10.155
509,-10062,1647339608.895156000,54.230.130.235
510,-3644,1647339608.895157000,54.230.130.235
511,66,1647339608.895184000,192.168.10.155
512,-1713,1647339608.995916000,54.230.130.235
513,-1494,1647339608.995917000,54.230.130.235
514,66,1647339608.995931000,192.168.10.155
515,-15044,1647339608.997496000,54.230.130.235
516,66,1647339608.997531000,192.168.10.155
517,-10259,1647339608.997581000,54.230.130.235
518,66,1647339608.997586000,192.168.10.155
519,-9092,1647339608.997644000,54.230.130.235
520,-16472,1647339608.997647000,54.230.130.235
521,66,1647339608.997654000,192.168.10.155
522,66,1647339608.997662000,192.168.10.155
523,-2580,1647339608.997689000,54.230.130.235
524,66,1647339608.997698000,192.168.10.155
525,-2922,1647339609.001156000,54.230.130.235
526,66,1647339609.001179000,192.168.10.155
527,174,1647339609.006407000,192.168.10.155
528,174,1647339609.007126000,192.168.10.155
529,169,1647339609.008408000,192.168.10.155
530,-6537,1647339609.008764000,54.230.130.235
531,-8631,1647339609.008766000,54.230.130.235
532,66,1647339609.008777000,192.168.10.155
533,66,1647339609.008787000,192.168.10.155
534,-790,1647339609.010192000,54.230.130.235
535,-66,1647339609.010192000,54.230.129.136
536,66,1647339609.010202000,192.168.10.155
537,-66,1647339609.012186000,54.230.129.136
538,-8485,1647339609.012187000,54.230.129.136
539,-845,1647339609.012188000,54.230.129.136
540,66,1647339609.012213000,192.168.10.155
541,66,1647339609.012228000,192.168.10.155
542,-66,1647339609.012867000,54.230.129.136
543,-5577,1647339609.012869000,54.230.129.136
544,66,1647339609.012887000,192.168.10.155
545,622,1647339609.014266000,192.168.10.155
546,1322,1647339609.020227000,192.168.10.155
547,302,1647339609.021723000,192.168.10.155
548,179,1647339609.022279000,192.168.10.155
549,183,1647339609.022549000,192.168.10.155
550,302,1647339609.022847000,192.168.10.155
551,177,1647339609.023194000,192.168.10.155
552,177,1647339609.023763000,192.168.10.155
553,-66,1647339609.023960000,54.230.129.136
554,-5778,1647339609.025349000,54.230.129.136
555,66,1647339609.025363000,192.168.10.155
556,-7206,1647339609.026481000,54.230.129.136
557,-12918,1647339609.026483000,54.230.129.136
558,66,1647339609.026489000,192.168.10.155
559,66,1647339609.026507000,192.168.10.155
560,-2922,1647339609.026523000,54.230.129.136
561,66,1647339609.026527000,192.168.10.155
562,74,1647339609.026970000,192.168.10.155
563,-2922,1647339609.029160000,54.230.129.136
564,66,1647339609.029169000,192.168.10.155
565,-784,1647339609.029260000,54.230.129.136
566,-12918,1647339609.029262000,54.230.129.136
567,66,1647339609.029275000,192.168.10.155
568,-5778,1647339609.033741000,54.230.129.136
569,66,1647339609.033761000,192.168.10.155
570,-7206,1647339609.033985000,54.230.129.136
571,-12918,1647339609.033987000,54.230.129.136
572,66,1647339609.033994000,192.168.10.155
573,66,1647339609.033999000,192.168.10.155
574,-12918,1647339609.034030000,54.230.129.136
575,66,1647339609.034038000,192.168.10.155
576,-12918,1647339609.035304000,54.230.129.136
577,66,1647339609.035321000,192.168.10.155
578,-5778,1647339609.035359000,54.230.129.136
579,-5778,1647339609.035367000,54.230.129.136
580,66,1647339609.035374000,192.168.10.155
581,66,1647339609.035387000,192.168.10.155
582,-12918,1647339609.035409000,54.230.129.136
583,66,1647339609.035413000,192.168.10.155
584,-12918,1647339609.037317000,54.230.129.136
585,66,1647339609.037355000,192.168.10.155
586,-5778,1647339609.037434000,54.230.129.136
587,66,1647339609.037446000,192.168.10.155
588,-2922,1647339609.038854000,54.230.129.136
589,66,1647339609.038873000,192.168.10.155
590,-5778,1647339609.039114000,54.230.129.136
591,-12918,1647339609.039116000,54.230.129.136
592,66,1647339609.039123000,192.168.10.155
593,66,1647339609.039132000,192.168.10.155
594,-15774,1647339609.039160000,54.230.129.136
595,66,1647339609.039164000,192.168.10.155
596,-18630,1647339609.041580000,54.230.129.136
597,66,1647339609.041587000,192.168.10.155
598,-4350,1647339609.041637000,54.230.129.136
599,-20058,1647339609.041641000,54.230.129.136
600,66,1647339609.041648000,192.168.10.155
601,66,1647339609.041656000,192.168.10.155
602,-20058,1647339609.042913000,54.230.129.136
603,66,1647339609.042918000,192.168.10.155
604,-24342,1647339609.042970000,54.230.129.136
605,66,1647339609.042975000,192.168.10.155
606,-4350,1647339609.042992000,54.230.129.136
607,66,1647339609.043042000,192.168.10.155
608,-27198,1647339609.050251000,54.230.129.136
609,66,1647339609.050269000,192.168.10.155
610,-31482,1647339609.050333000,54.230.129.136
611,66,1647339609.050338000,192.168.10.155
612,-32910,1647339609.053270000,54.230.129.136
613,66,1647339609.053327000,192.168.10.155
614,-31482,1647339609.053523000,54.230.129.136
615,66,1647339609.053542000,192.168.10.155
616,-34338,1647339609.053704000,54.230.129.136
617,66,1647339609.053726000,192.168.10.155
618,-30054,1647339609.053858000,54.230.129.136
619,66,1647339609.053870000,192.168.10.155
620,-1494,1647339609.053966000,54.230.129.136
621,-17202,1647339609.053981000,54.230.129.136
622,66,1647339609.054004000,192.168.10.155
623,-17202,1647339609.054606000,54.230.129.136
624,66,1647339609.054623000,192.168.10.155
625,-30054,1647339609.054687000,54.230.129.136
626,66,1647339609.054694000,192.168.10.155
627,-10062,1647339609.054717000,54.230.129.136
628,66,1647339609.055648000,192.168.10.155
629,-31482,1647339609.056012000,54.230.129.136
630,66,1647339609.056023000,192.168.10.155
631,-22914,1647339609.056076000,54.230.129.136
632,66,1647339609.056590000,192.168.10.155
633,211,1647339609.061361000,192.168.10.155
634,198,1647339609.066750000,192.168.10.155
635,-41478,1647339609.070996000,54.230.129.136
636,66,1647339609.071010000,192.168.10.155
637,-22914,1647339609.071067000,54.230.129.136
638,66,1647339609.071075000,192.168.10.155
639,-18630,1647339609.071101000,54.230.129.136
640,66,1647339609.071104000,192.168.10.155
641,-22914,1647339609.071399000,54.230.129.136
642,66,1647339609.071403000,192.168.10.155
643,-22914,1647339609.071447000,54.230.129.136
644,66,1647339609.071450000,192.168.10.155
645,-5778,1647339609.071477000,54.230.129.136
646,66,1647339609.071481000,192.168.10.155
647,-4350,1647339609.071512000,54.230.129.136
648,66,1647339609.071516000,192.168.10.155
649,-2922,1647339609.075658000,54.230.129.136
650,66,1647339609.075673000,192.168.10.155
651,-11900,1647339609.075864000,54.230.129.136
652,66,1647339609.075869000,192.168.10.155
653,-66,1647339609.075900000,54.230.129.136
654,-11315,1647339609.075902000,54.230.129.136
655,66,1647339609.075915000,192.168.10.155
656,-66,1647339609.075935000,54.230.129.136
657,-4947,1647339609.075940000,54.230.129.136
658,66,1647339609.075947000,192.168.10.155
659,169,1647339609.089278000,192.168.10.155
660,74,1647339609.097124000,192.168.10.155
661,200,1647339609.099619000,192.168.10.155
662,-66,1647339609.106268000,54.230.129.136
663,-74,1647339609.106269000,54.230.129.136
664,66,1647339609.106300000,192.168.10.155
665,583,1647339609.108108000,192.168.10.155
666,-11490,1647339609.108959000,54.230.129.136
667,66,1647339609.108965000,192.168.10.155
668,-1615,1647339609.108981000,54.230.129.136
669,66,1647339609.108984000,192.168.10.155
670,-11490,1647339609.110568000,54.230.129.136
671,66,1647339609.110588000,192.168.10.155
672,-11490,1647339609.110632000,54.230.129.136
673,66,1647339609.110637000,192.168.10.155
674,-11490,1647339609.111610000,54.230.129.136
675,66,1647339609.111620000,192.168.10.155
676,-11490,1647339609.111659000,54.230.129.136
677,66,1647339609.111664000,192.168.10.155
678,-66,1647339609.112382000,54.230.129.136
679,-5929,1647339609.112383000,54.230.129.136
680,66,1647339609.112394000,192.168.10.155
681,-4350,1647339609.113436000,54.230.129.136
682,66,1647339609.113452000,192.168.10.155
683,-997,1647339609.113727000,54.230.129.136
684,66,1647339609.113732000,192.168.10.155
685,130,1647339609.117592000,192.168.10.155
686,253,1647339609.117848000,192.168.10.155
687,-66,1647339609.123542000,54.230.129.136
688,-66,1647339609.123543000,54.230.129.136
689,-137,1647339609.123842000,54.230.129.136
690,66,1647339609.123850000,192.168.10.155
691,90,1647339609.124017000,192.168.10.155
692,66,1647339609.124037000,192.168.10.155
693,193,1647339609.127269000,192.168.10.155
694,-66,1647339609.132915000,54.230.129.136
695,-66,1647339609.132915000,54.230.129.136
696,66,1647339609.132945000,192.168.10.155
697,-1494,1647339609.134493000,54.230.129.136
698,-1494,1647339609.134580000,54.230.129.136
699,66,1647339609.134592000,192.168.10.155
700,-11750,1647339609.135065000,54.230.129.136
701,66,1647339609.135076000,192.168.10.155
702,-74,1647339609.154123000,34.212.88.171
703,66,1647339609.154196000,192.168.10.155
704,583,1647339609.157426000,192.168.10.155
705,-66,1647339609.304421000,34.212.88.171
706,-1167,1647339609.304422000,34.212.88.171
707,78,1647339609.304441000,192.168.10.155
708,-4410,1647339609.309658000,34.212.88.171
709,66,1647339609.309689000,192.168.10.155
710,192,1647339609.313463000,192.168.10.155
711,-324,1647339609.432011000,34.212.88.171
712,-135,1647339609.432012000,34.212.88.171
713,66,1647339609.432040000,192.168.10.155
714,66,1647339609.432073000,192.168.10.155
715,-2494,1647339609.478626000,54.230.130.235
716,66,1647339609.478645000,192.168.10.155
717,-1809,1647339609.479339000,54.230.130.235
718,-1494,1647339609.479340000,54.230.130.235
719,66,1647339609.479353000,192.168.10.155
720,66,1647339609.479363000,192.168.10.155
721,-2773,1647339609.479867000,54.230.130.235
722,66,1647339609.479871000,192.168.10.155
723,-1494,1647339609.479969000,54.230.130.235
724,66,1647339609.479973000,192.168.10.155
725,243,1647339609.483357000,192.168.10.155
726,504,1647339609.483383000,192.168.10.155
727,-4028,1647339609.488242000,54.230.130.235
728,66,1647339609.488261000,192.168.10.155
729,104,1647339609.489401000,192.168.10.155
730,-11119,1647339609.489803000,54.230.130.235
731,66,1647339609.489817000,192.168.10.155
732,-2922,1647339609.490932000,54.230.130.235
733,66,1647339609.490947000,192.168.10.155
734,202,1647339609.491794000,192.168.10.155
735,-6236,1647339609.491841000,54.230.130.235
736,74,1647339609.491843000,192.168.10.155
737,66,1647339609.491850000,192.168.10.155
738,-9098,1647339609.492578000,54.230.130.235
739,66,1647339609.492586000,192.168.10.155
740,-4350,1647339609.493290000,54.230.130.235
741,66,1647339609.493301000,192.168.10.155
742,-12188,1647339609.493590000,54.230.130.235
743,66,1647339609.493599000,192.168.10.155
744,-2922,1647339609.496440000,54.230.130.235
745,66,1647339609.496462000,192.168.10.155
746,-6822,1647339609.496506000,54.230.130.235
747,66,1647339609.496511000,192.168.10.155
748,-74,1647339609.496909000,54.230.129.136
749,-934,1647339609.496910000,54.230.129.136
750,66,1647339609.496929000,192.168.10.155
751,583,1647339609.500749000,192.168.10.155
752,-410,1647339609.502559000,54.230.130.235
753,66,1647339609.502628000,192.168.10.155
754,-66,1647339609.505692000,54.230.129.136
755,-1494,1647339609.505776000,54.230.129.136
756,66,1647339609.505818000,192.168.10.155
757,-2922,1647339609.507494000,54.230.129.136
758,-997,1647339609.507495000,54.230.129.136
759,66,1647339609.507518000,192.168.10.155
760,66,1647339609.507554000,192.168.10.155
761,156,1647339609.508376000,192.168.10.155
762,157,1647339609.509698000,192.168.10.155
763,156,1647339609.511516000,192.168.10.155
764,130,1647339609.511776000,192.168.10.155
765,246,1647339609.512207000,192.168.10.155
766,253,1647339609.512242000,192.168.10.155
767,156,1647339609.512615000,192.168.10.155
768,264,1647339609.512794000,192.168.10.155
769,-66,1647339609.513026000,54.230.129.136
770,154,1647339609.513040000,192.168.10.155
771,-2481,1647339609.513896000,54.230.130.235
772,66,1647339609.513902000,192.168.10.155
773,-1419,1647339609.514905000,54.230.129.136
774,-97,1647339609.514906000,54.230.129.136
775,-1633,1647339609.514907000,54.230.129.136
776,-97,1647339609.514907000,54.230.129.136
777,66,1647339609.514933000,192.168.10.155
778,-66,1647339609.515193000,54.230.129.136
779,-66,1647339609.515193000,54.230.129.136
780,-137,1647339609.515194000,54.230.129.136
781,66,1647339609.515209000,192.168.10.155
782,-66,1647339609.515717000,54.230.129.136
783,90,1647339609.515794000,192.168.10.155
784,66,1647339609.515823000,192.168.10.155
785,-1240,1647339609.521570000,54.230.129.136
786,-1494,1647339609.521571000,54.230.129.136
787,66,1647339609.521600000,192.168.10.155
788,-1279,1647339609.523928000,54.230.129.136
789,-1454,1647339609.523930000,54.230.129.136
790,-97,1647339609.523930000,54.230.129.136
791,-1008,1647339609.523931000,54.230.129.136
792,-97,1647339609.523932000,54.230.129.136
793,-1468,1647339609.523933000,54.230.129.136
794,-97,1647339609.523934000,54.230.129.136
795,-866,1647339609.523934000,54.230.129.136
796,66,1647339609.524026000,192.168.10.155
797,66,1647339609.524084000,192.168.10.155
798,-97,1647339609.524117000,54.230.129.136
799,-1005,1647339609.524118000,54.230.129.136
800,-97,1647339609.524118000,54.230.129.136
801,-66,1647339609.524118000,54.230.129.136
802,-66,1647339609.524119000,54.230.129.136
803,66,1647339609.524124000,192.168.10.155
804,66,1647339609.524143000,192.168.10.155
805,154,1647339609.537633000,192.168.10.155
806,154,1647339609.538178000,192.168.10.155
807,155,1647339609.540521000,192.168.10.155
808,244,1647339609.541681000,192.168.10.155
809,155,1647339609.542463000,192.168.10.155
810,-66,1647339609.544481000,54.230.129.136
811,-1995,1647339609.544482000,54.230.129.136
812,66,1647339609.544503000,192.168.10.155
813,169,1647339609.550377000,192.168.10.155
814,-97,1647339609.550487000,54.230.129.136
815,-801,1647339609.550488000,54.230.129.136
816,-97,1647339609.550488000,54.230.129.136
817,-66,1647339609.550488000,54.230.129.136
818,-978,1647339609.550489000,54.230.129.136
819,66,1647339609.550515000,192.168.10.155
820,183,1647339609.550649000,192.168.10.155
821,-8756,1647339609.552218000,54.230.129.136
822,-12918,1647339609.552221000,54.230.129.136
823,66,1647339609.552243000,192.168.10.155
824,66,1647339609.552276000,192.168.10.155
825,-4071,1647339609.552307000,54.230.129.136
826,-12918,1647339609.552309000,54.230.129.136
827,66,1647339609.552315000,192.168.10.155
828,66,1647339609.552323000,192.168.10.155
829,-9392,1647339609.552352000,54.230.129.136
830,66,1647339609.552356000,192.168.10.155
831,182,1647339609.555020000,192.168.10.155
832,-66,1647339609.557531000,54.230.129.136
833,-423,1647339609.557533000,54.230.130.235
834,66,1647339609.557558000,192.168.10.155
835,169,1647339609.558252000,192.168.10.155
836,-2922,1647339609.561924000,54.230.129.136
837,66,1647339609.561937000,192.168.10.155
838,-2677,1647339609.561970000,54.230.129.136
839,-5012,1647339609.561971000,54.230.129.136
840,66,1647339609.561982000,192.168.10.155
841,66,1647339609.562023000,192.168.10.155
842,-16472,1647339609.567103000,54.230.129.136
843,-32878,1647339609.567188000,54.230.129.136
844,-1888,1647339609.567198000,54.230.129.136
845,66,1647339609.569648000,192.168.10.155
846,-4697,1647339609.572644000,54.230.129.136
847,66,1647339609.572674000,192.168.10.155
848,-445,1647339609.586465000,54.230.130.235
849,66,1647339609.586486000,192.168.10.155
850,-66,1647339609.609744000,34.212.88.171
851,-104,1647339609.609748000,34.212.88.171
852,66,1647339609.609777000,192.168.10.155
853,-236,1647339609.610431000,34.212.88.171
854,-104,1647339609.610432000,34.212.88.171
855,66,1647339609.610450000,192.168.10.155
856,66,1647339609.610471000,192.168.10.155
857,-544,1647339609.752641000,54.230.130.235
858,66,1647339609.752695000,192.168.10.155
859,-2186,1647339609.762936000,54.230.130.235
860,66,1647339609.762953000,192.168.10.155
861,-289,1647339609.776702000,54.230.130.235
862,66,1647339609.776725000,192.168.10.155
863,194,1647339609.900701000,192.168.10.155
864,181,1647339609.904726000,192.168.10.155
865,-4350,1647339609.924995000,54.230.129.136
866,66,1647339609.925023000,192.168.10.155
867,-8634,1647339609.926488000,54.230.129.136
868,-12918,1647339609.926490000,54.230.129.136
869,66,1647339609.926508000,192.168.10.155
870,66,1647339609.926537000,192.168.10.155
871,-7174,1647339609.926581000,54.230.129.136
872,-12918,1647339609.926583000,54.230.129.136
873,66,1647339609.926588000,192.168.10.155
874,66,1647339609.926594000,192.168.10.155
875,-12615,1647339609.926614000,54.230.129.136
876,66,1647339609.926617000,192.168.10.155
877,-3601,1647339609.961454000,54.230.130.235
878,66,1647339609.961477000,192.168.10.155
879,157,1647339610.010572000,192.168.10.155
880,-2922,1647339610.014908000,54.230.130.235
881,66,1647339610.014928000,192.168.10.155
882,-13616,1647339610.016544000,54.230.130.235
883,66,1647339610.016564000,192.168.10.155
884,-916,1647339610.016595000,54.230.130.235
885,66,1647339610.016601000,192.168.10.155
886,-2922,1647339610.018757000,54.230.130.235
887,66,1647339610.018779000,192.168.10.155
888,-2590,1647339610.019582000,54.230.130.235
889,-1494,1647339610.019583000,54.230.129.136
890,66,1647339610.019626000,192.168.10.155
891,-11490,1647339610.026026000,54.230.129.136
892,66,1647339610.026055000,192.168.10.155
893,-12918,1647339610.026111000,54.230.129.136
894,66,1647339610.026117000,192.168.10.155
895,-5778,1647339610.031301000,54.230.129.136
896,66,1647339610.031318000,192.168.10.155
897,-1462,1647339610.031765000,54.230.129.136
898,-12918,1647339610.031768000,54.230.129.136
899,-12918,1647339610.031828000,54.230.129.136
900,-12918,1647339610.031861000,54.230.129.136
901,-12918,1647339610.031889000,54.230.129.136
902,-7206,1647339610.031904000,54.230.129.136
903,66,1647339610.031964000,192.168.10.155
904,-5778,1647339610.041021000,54.230.129.136
905,66,1647339610.041039000,192.168.10.155
906,-7206,1647339610.041174000,54.230.129.136
907,-12918,1647339610.041175000,54.230.129.136
908,66,1647339610.041209000,192.168.10.155
909,-742,1647339610.042220000,54.230.130.235
910,-5424,1647339610.042221000,54.230.130.235
911,-12246,1647339610.042223000,54.230.130.235
912,66,1647339610.042237000,192.168.10.155
913,66,1647339610.042255000,192.168.10.155
914,66,1647339610.042263000,192.168.10.155
915,188,1647339610.043887000,192.168.10.155
916,-2922,1647339610.045179000,54.230.129.136
917,66,1647339610.045245000,192.168.10.155
918,-1856,1647339610.046227000,54.230.129.136
919,66,1647339610.046282000,192.168.10.155
920,155,1647339610.055393000,192.168.10.155
921,-2040,1647339610.057346000,54.230.129.136
922,66,1647339610.057411000,192.168.10.155
923,-525,1647339610.058321000,54.230.130.235
924,-16472,1647339610.058324000,54.230.130.235
925,66,1647339610.058346000,192.168.10.155
926,66,1647339610.058370000,192.168.10.155
927,-7701,1647339610.058402000,54.230.130.235
928,66,1647339610.058408000,192.168.10.155
929,-1410,1647339610.058705000,54.230.129.136
930,164,1647339610.079025000,192.168.10.155
931,262,1647339610.083166000,192.168.10.155
932,262,1647339610.085957000,192.168.10.155
933,-6210,1647339610.086871000,54.230.130.235
934,66,1647339610.086916000,192.168.10.155
935,164,1647339610.087391000,192.168.10.155
936,-66,1647339610.088246000,54.230.129.136
937,165,1647339610.089014000,192.168.10.155
938,-1494,1647339610.089709000,54.230.129.136
939,165,1647339610.089727000,192.168.10.155
940,-1373,1647339610.089816000,54.230.129.136
941,-2322,1647339610.092196000,54.230.129.136
942,356,1647339610.092215000,192.168.10.155
943,160,1647339610.092781000,192.168.10.155
944,253,1647339610.093409000,192.168.10.155
945,-2803,1647339610.096946000,54.230.129.136
946,66,1647339610.097009000,192.168.10.155
947,-2801,1647339610.097060000,54.230.129.136
948,-5398,1647339610.097062000,54.230.129.136
949,-97,1647339610.097062000,54.230.129.136
950,-3304,1647339610.097063000,54.230.129.136
951,66,1647339610.097073000,192.168.10.155
952,-97,1647339610.097100000,54.230.129.136
953,-972,1647339610.097100000,54.230.129.136
954,-2829,1647339610.097101000,54.230.129.136
955,66,1647339610.097411000,192.168.10.155
956,441,1647339610.097528000,192.168.10.155
957,160,1647339610.098113000,192.168.10.155
958,-6106,1647339610.098939000,54.230.129.136
959,-97,1647339610.098939000,54.230.129.136
960,-66,1647339610.098940000,54.230.129.136
961,-676,1647339610.098940000,54.230.129.136
962,-863,1647339610.098995000,54.230.129.136
963,-7956,1647339610.099390000,54.230.129.136
964,-97,1647339610.099791000,54.230.129.136
965,-5432,1647339610.099795000,54.230.129.136
966,-97,1647339610.099796000,54.230.129.136
967,-2922,1647339610.102102000,54.230.129.136
968,-6435,1647339610.102168000,54.230.129.136
969,-97,1647339610.102168000,54.230.129.136
970,66,1647339610.103560000,192.168.10.155
971,-2808,1647339610.105262000,54.230.129.136
972,-1494,1647339610.105263000,54.230.129.136
973,66,1647339610.105286000,192.168.10.155
974,-1379,1647339610.105922000,54.230.129.136
975,-2809,1647339610.105924000,54.230.129.136
976,-2807,1647339610.105924000,54.230.129.136
977,-4257,1647339610.105925000,54.230.129.136
978,66,1647339610.105937000,192.168.10.155
979,66,1647339610.105991000,192.168.10.155
980,-11922,1647339610.106430000,54.230.129.136
981,-6936,1647339610.106456000,54.230.129.136
982,-5069,1647339610.106457000,54.230.129.136
983,-14534,1647339610.106483000,54.230.129.136
984,66,1647339610.106770000,192.168.10.155
985,-97,1647339610.107304000,54.230.129.136
986,-14351,1647339610.107307000,54.230.129.136
987,66,1647339610.107324000,192.168.10.155
988,160,1647339610.111667000,192.168.10.155
989,184,1647339610.111862000,192.168.10.155
990,272,1647339610.112049000,192.168.10.155
991,-2922,1647339610.112333000,54.230.129.136
992,-7206,1647339610.112366000,54.230.129.136
993,66,1647339610.112399000,192.168.10.155
994,239,1647339610.113718000,192.168.10.155
995,-5778,1647339610.115747000,54.230.129.136
996,-3402,1647339610.115748000,54.230.129.136
997,66,1647339610.115811000,192.168.10.155
998,-66,1647339610.116234000,54.230.129.136
999,-10062,1647339610.116236000,54.230.129.136
1000,66,1647339610.116282000,192.168.10.155
1001,-6476,1647339610.116505000,54.230.129.136
1002,-6731,1647339610.116506000,54.230.129.136
1003,66,1647339610.116513000,192.168.10.155
1004,-8115,1647339610.116551000,54.230.129.136
1005,66,1647339610.116555000,192.168.10.155
1006,66,1647339610.116565000,192.168.10.155
1007,166,1647339610.123197000,192.168.10.155
1008,-11251,1647339610.124051000,54.230.129.136
1009,-97,1647339610.124090000,54.230.129.136
1010,-7408,1647339610.124092000,54.230.129.136
1011,-97,1647339610.124092000,54.230.129.136
1012,66,1647339610.124095000,192.168.10.155
1013,66,1647339610.124118000,192.168.10.155
1014,-3403,1647339610.126560000,54.230.129.136
1015,66,1647339610.126595000,192.168.10.155
1016,167,1647339610.127812000,192.168.10.155
1017,-1494,1647339610.130092000,54.230.129.136
1018,-1494,1647339610.130198000,54.230.129.136
1019,66,1647339610.130223000,192.168.10.155
1020,-3471,1647339610.130509000,54.230.129.136
1021,-97,1647339610.130510000,54.230.129.136
1022,66,1647339610.130548000,192.168.10.155
1023,-2922,1647339610.133593000,54.230.129.136
1024,66,1647339610.133659000,192.168.10.155
1025,167,1647339610.138226000,192.168.10.155
1026,152,1647339610.138514000,192.168.10.155
1027,153,1647339610.138793000,192.168.10.155
1028,-2137,1647339610.140241000,54.230.129.136
1029,-97,1647339610.140242000,54.230.129.136
1030,66,1647339610.140299000,192.168.10.155
1031,-66,1647339610.141202000,54.230.129.136
1032,-1494,1647339610.141780000,54.230.129.136
1033,-1170,1647339610.141887000,54.230.129.136
1034,66,1647339610.141898000,192.168.10.155
1035,-2922,1647339610.151488000,54.230.129.136
1036,66,1647339610.151615000,192.168.10.155
1037,-6086,1647339610.152796000,54.230.129.136
1038,-97,1647339610.152797000,54.230.129.136
1039,-2563,1647339610.152799000,54.230.129.136
1040,-97,1647339610.152863000,54.230.129.136
1041,66,1647339610.153022000,192.168.10.155
1042,152,1647339610.154996000,192.168.10.155
1043,153,1647339610.156229000,192.168.10.155
1044,153,1647339610.157744000,192.168.10.155
1045,239,1647339610.158026000,192.168.10.155
1046,222,1647339610.158136000,192.168.10.155
1047,-2922,1647339610.163997000,54.230.129.136
1048,66,1647339610.164029000,192.168.10.155
1049,-2922,1647339610.165684000,54.230.129.136
1050,66,1647339610.166011000,192.168.10.155
1051,-1561,1647339610.168017000,54.230.129.136
1052,-3131,1647339610.168026000,54.230.129.136
1053,-97,1647339610.168030000,54.230.129.136
1054,-66,1647339610.168035000,54.230.129.136
1055,-4924,1647339610.168042000,54.230.129.136
1056,66,1647339610.168135000,192.168.10.155
1057,-5321,1647339610.168430000,54.230.129.136
1058,-97,1647339610.168431000,54.230.129.136
1059,-3377,1647339610.168432000,54.230.129.136
1060,-97,1647339610.168445000,54.230.129.136
1061,-4119,1647339610.168495000,54.230.129.136
1062,-97,1647339610.168496000,54.230.129.136
1063,66,1647339610.169169000,192.168.10.155
1064,66,1647339610.169572000,192.168.10.155
1065,164,1647339610.200696000,192.168.10.155
1066,155,1647339610.206859000,192.168.10.155
1067,251,1647339610.211945000,192.168.10.155
1068,-1427,1647339610.213024000,54.230.129.136
1069,-66,1647339610.215851000,54.230.129.136
1070,-1728,1647339610.215852000,54.230.129.136
1071,66,1647339610.215926000,192.168.10.155
1072,-16472,1647339610.217017000,54.230.129.136
1073,-950,1647339610.217039000,54.230.129.136
1074,66,1647339610.217103000,192.168.10.155
1075,180,1647339610.230111000,192.168.10.155
1076,-1738,1647339610.233607000,54.230.129.136
1077,66,1647339610.233624000,192.168.10.155
1078,240,1647339610.254745000,192.168.10.155
1079,-2922,1647339610.266390000,54.230.129.136
1080,66,1647339610.266523000,192.168.10.155
1081,-11815,1647339610.267572000,54.230.129.136
1082,-934,1647339610.267598000,54.230.130.235
1083,66,1647339610.267613000,192.168.10.155
1084,66,1647339610.267739000,192.168.10.155
1085,-2532,1647339610.276745000,54.230.130.235
1086,66,1647339610.276762000,192.168.10.155
1087,-2922,1647339610.317602000,54.230.130.235
1088,66,1647339610.317615000,192.168.10.155
1089,-2778,1647339610.317931000,54.230.130.235
1090,66,1647339610.317937000,192.168.10.155
1091,-2922,1647339610.327436000,54.230.130.235
1092,66,1647339610.327449000,192.168.10.155
1093,-6236,1647339610.329782000,54.230.130.235
1094,-16472,1647339610.329784000,54.230.130.235
1095,66,1647339610.329794000,192.168.10.155
1096,66,1647339610.329803000,192.168.10.155
1097,-7049,1647339610.329814000,54.230.130.235
1098,-97,1647339610.329814000,54.230.130.235
1099,66,1647339610.329816000,192.168.10.155
1100,66,1647339610.329819000,192.168.10.155
1101,177,1647339610.357497000,192.168.10.155
1102,166,1647339610.358449000,192.168.10.155
1103,-1494,1647339610.361425000,54.230.129.136
1104,74,1647339610.361635000,192.168.10.155
1105,-8071,1647339610.361769000,54.230.129.136
1106,-5778,1647339610.361770000,54.230.129.136
1107,66,1647339610.361795000,192.168.10.155
1108,66,1647339610.361816000,192.168.10.155
1109,-10760,1647339610.363575000,54.230.129.136
1110,66,1647339610.363625000,192.168.10.155
1111,-32878,1647339610.363637000,54.230.129.136
1112,-10062,1647339610.363680000,54.230.129.136
1113,66,1647339610.363853000,192.168.10.155
1114,171,1647339610.371130000,192.168.10.155
1115,-2922,1647339610.371537000,54.230.129.136
1116,66,1647339610.371552000,192.168.10.155
1117,-5791,1647339610.371573000,54.230.129.136
1118,66,1647339610.371592000,192.168.10.155
1119,-674,1647339610.374954000,54.230.129.136
1120,157,1647339610.409236000,192.168.10.155
1121,-2812,1647339610.428504000,54.230.129.136
1122,66,1647339610.428571000,192.168.10.155
1123,-16472,1647339610.429725000,54.230.129.136
1124,-11490,1647339610.429769000,54.230.129.136
1125,66,1647339610.429781000,192.168.10.155
1126,-20058,1647339610.431427000,54.230.129.136
1127,66,1647339610.431449000,192.168.10.155
1128,-31482,1647339610.431540000,54.230.129.136
1129,-8634,1647339610.431564000,54.230.129.136
1130,-22914,1647339610.431731000,54.230.129.136
1131,-20058,1647339610.431782000,54.230.129.136
1132,-5778,1647339610.431820000,54.230.129.136
1133,66,1647339610.432626000,192.168.10.155
1134,-5778,1647339610.439798000,54.230.129.136
1135,-31482,1647339610.439803000,54.230.129.136
1136,66,1647339610.439820000,192.168.10.155
1137,66,1647339610.439899000,192.168.10.155
1138,-32910,1647339610.439906000,54.230.129.136
1139,-2922,1647339610.439918000,54.230.129.136
1140,66,1647339610.439972000,192.168.10.155
1141,-2833,1647339610.440319000,54.230.129.136
1142,66,1647339610.440325000,192.168.10.155
1143,-66,1647339610.461296000,52.119.174.17
1144,54,1647339610.461335000,192.168.10.155
1145,571,1647339610.463124000,192.168.10.155
1146,562,1647339610.542146000,192.168.10.155
1147,-66,1647339610.546906000,54.230.130.235
1148,-3065,1647339610.549440000,54.230.130.235
1149,66,1647339610.549494000,192.168.10.155
1150,-60,1647339610.559564000,52.119.174.17
1151,-60,1647339610.565882000,52.119.174.17
1152,-1514,1647339610.565883000,52.119.174.17
1153,54,1647339610.565925000,192.168.10.155
1154,-4507,1647339610.566117000,52.119.174.17
1155,54,1647339610.566125000,192.168.10.155
1156,180,1647339610.572986000,192.168.10.155
1157,-105,1647339610.684134000,52.119.174.17
1158,54,1647339610.684154000,192.168.10.155
1159,524,1647339610.684410000,192.168.10.155
1160,192,1647339610.739677000,192.168.10.155
1161,178,1647339610.740343000,192.168.10.155
1162,198,1647339610.740943000,192.168.10.155
1163,-66,1647339610.750958000,54.230.129.136
1164,-1296,1647339610.750960000,54.230.129.136
1165,-1531,1647339610.751791000,54.230.129.136
1166,-97,1647339610.751792000,54.230.129.136
1167,-1693,1647339610.751793000,54.230.129.136
1168,-97,1647339610.751794000,54.230.129.136
1169,66,1647339610.751894000,192.168.10.155
1170,281,1647339610.776240000,192.168.10.155
1171,179,1647339610.782271000,192.168.10.155
1172,-2922,1647339610.783435000,54.230.129.136
1173,66,1647339610.783519000,192.168.10.155
1174,179,1647339610.784505000,192.168.10.155
1175,-8517,1647339610.784532000,54.230.129.136
1176,66,1647339610.784581000,192.168.10.155
1177,-2922,1647339610.786349000,54.230.129.136
1178,66,1647339610.786403000,192.168.10.155
1179,-8516,1647339610.787075000,54.230.129.136
1180,66,1647339610.787119000,192.168.10.155
1181,-2922,1647339610.792202000,54.230.129.136
1182,-8516,1647339610.792244000,54.230.129.136
1183,66,1647339610.794007000,192.168.10.155
1184,-503,1647339610.804446000,52.119.174.17
1185,54,1647339610.804480000,192.168.10.155
1186,351,1647339610.809016000,192.168.10.155
1187,-2922,1647339610.815942000,54.230.129.136
1188,-8634,1647339610.819178000,54.230.129.136
1189,66,1647339610.819439000,192.168.10.155
1190,-5048,1647339610.819662000,54.230.129.136
1191,-32878,1647339610.819674000,54.230.129.136
1192,66,1647339610.819701000,192.168.10.155
1193,66,1647339610.819746000,192.168.10.155
1194,-28626,1647339610.819777000,54.230.129.136
1195,66,1647339610.820032000,192.168.10.155
1196,-34661,1647339610.821073000,54.230.129.136
1197,66,1647339610.821090000,192.168.10.155
1198,179,1647339610.824414000,192.168.10.155
1199,179,1647339610.827406000,192.168.10.155
1200,-1494,1647339610.829683000,54.230.129.136
1201,-1494,1647339610.829780000,54.230.129.136
1202,66,1647339610.829824000,192.168.10.155
1203,-8517,1647339610.832693000,54.230.129.136
1204,66,1647339610.832821000,192.168.10.155
1205,-11373,1647339610.838999000,54.230.129.136
1206,66,1647339610.839081000,192.168.10.155
1207,163,1647339610.857973000,192.168.10.155
1208,-1186,1647339610.865484000,54.230.129.136
1209,-97,1647339610.865486000,54.230.129.136
1210,66,1647339610.866235000,192.168.10.155
1211,160,1647339610.879554000,192.168.10.155
1212,178,1647339610.888007000,192.168.10.155
1213,230,1647339610.890283000,192.168.10.155
1214,-2024,1647339610.891613000,54.230.129.136
1215,429,1647339610.891636000,192.168.10.155
1216,-97,1647339610.894391000,54.230.129.136
1217,204,1647339610.901904000,192.168.10.155
1218,-66,1647339610.908960000,54.230.129.136
1219,-5584,1647339610.908964000,54.230.129.136
1220,-1494,1647339610.908965000,54.230.129.136
1221,66,1647339610.909186000,192.168.10.155
1222,-4640,1647339610.910049000,54.230.129.136
1223,-16472,1647339610.910053000,54.230.129.136
1224,66,1647339610.910071000,192.168.10.155
1225,-32506,1647339610.910159000,54.230.129.136
1226,-16472,1647339610.910193000,54.230.129.136
1227,-32878,1647339610.910248000,54.230.129.136
1228,-20058,1647339610.910287000,54.230.129.136
1229,-4350,1647339610.910327000,54.230.129.136
1230,66,1647339610.910708000,192.168.10.155
1231,-2446,1647339610.915792000,54.230.129.136
1232,-706,1647339610.915794000,54.230.129.136
1233,-2442,1647339610.915795000,54.230.129.136
1234,-97,1647339610.915795000,54.230.129.136
1235,-16472,1647339610.915798000,54.230.129.136
1236,66,1647339610.915822000,192.168.10.155
1237,-956,1647339610.915862000,54.230.129.136
1238,66,1647339610.915917000,192.168.10.155
1239,74,1647339610.951914000,192.168.10.155
1240,74,1647339610.961592000,192.168.10.155
1241,74,1647339611.021007000,192.168.10.155
1242,161,1647339611.058186000,192.168.10.155
1243,-66,1647339611.064803000,52.94.215.169
1244,-1494,1647339611.064804000,54.230.129.136
1245,54,1647339611.064839000,192.168.10.155
1246,-4238,1647339611.065457000,54.230.129.136
1247,-97,1647339611.065458000,54.230.129.136
1248,571,1647339611.073988000,192.168.10.155
1249,66,1647339611.074270000,192.168.10.155
1250,-66,1647339611.075544000,52.94.215.169
1251,54,1647339611.075587000,192.168.10.155
1252,571,1647339611.080094000,192.168.10.155
1253,74,1647339611.087187000,192.168.10.155
1254,74,1647339611.087410000,192.168.10.155
1255,-66,1647339611.129167000,52.94.215.169
1256,54,1647339611.129208000,192.168.10.155
1257,571,1647339611.135983000,192.168.10.155
1258,74,1647339611.138274000,192.168.10.155
1259,74,1647339611.138378000,192.168.10.155
1260,171,1647339611.178764000,192.168.10.155
1261,-60,1647339611.180194000,52.94.215.169
1262,-427,1647339611.181869000,54.230.129.136
1263,-60,1647339611.186568000,52.94.215.169
1264,-60,1647339611.186569000,52.94.215.169
1265,-2974,1647339611.190897000,52.94.215.169
1266,54,1647339611.190913000,192.168.10.155
1267,-3041,1647339611.191391000,52.94.215.169
1268,-60,1647339611.191391000,52.94.215.169
1269,-60,1647339611.191391000,52.94.215.169
1270,54,1647339611.191401000,192.168.10.155
1271,-1514,1647339611.192985000,52.94.215.169
1272,54,1647339611.192992000,192.168.10.155
1273,-1514,1647339611.193104000,52.94.215.169
1274,54,1647339611.193109000,192.168.10.155
1275,-3041,1647339611.193389000,52.94.215.169
1276,54,1647339611.193395000,192.168.10.155
1277,180,1647339611.194633000,192.168.10.155
1278,180,1647339611.201048000,192.168.10.155
1279,-66,1647339611.205538000,54.240.250.157
1280,54,1647339611.205565000,192.168.10.155
1281,571,1647339611.207436000,192.168.10.155
1282,-66,1647339611.210913000,54.240.250.157
1283,54,1647339611.210933000,192.168.10.155
1284,571,1647339611.212765000,192.168.10.155
1285,66,1647339611.227489000,192.168.10.155
1286,-60,1647339611.238735000,52.94.215.169
1287,-60,1647339611.246157000,52.94.215.169
1288,-66,1647339611.246158000,54.240.250.157
1289,54,1647339611.246190000,192.168.10.155
1290,-5961,1647339611.246909000,52.94.215.169
1291,54,1647339611.246926000,192.168.10.155
1292,571,1647339611.250806000,192.168.10.155
1293,-66,1647339611.257321000,54.240.250.157
1294,54,1647339611.257357000,192.168.10.155
1295,180,1647339611.257958000,192.168.10.155
1296,571,1647339611.263596000,192.168.10.155
1297,-105,1647339611.307085000,52.94.215.169
1298,54,1647339611.307102000,192.168.10.155
1299,718,1647339611.307403000,192.168.10.155
1300,-105,1647339611.310468000,52.94.215.169
1301,54,1647339611.310490000,192.168.10.155
1302,718,1647339611.310836000,192.168.10.155
1303,-60,1647339611.324479000,54.240.250.157
1304,-60,1647339611.332325000,54.240.250.157
1305,-60,1647339611.332326000,54.240.250.157
1306,-5942,1647339611.332863000,54.240.250.157
1307,-60,1647339611.332863000,54.240.250.157
1308,54,1647339611.332879000,192.168.10.155
1309,-2974,1647339611.333953000,54.240.250.157
1310,54,1647339611.334004000,192.168.10.155
1311,-3022,1647339611.334315000,54.240.250.157
1312,54,1647339611.334332000,192.168.10.155
1313,180,1647339611.340012000,192.168.10.155
1314,180,1647339611.345026000,192.168.10.155
1315,-60,1647339611.349742000,54.240.250.157
1316,-60,1647339611.362088000,54.240.250.157
1317,-2974,1647339611.362089000,54.240.250.157
1318,54,1647339611.362113000,192.168.10.155
1319,-3022,1647339611.362252000,54.240.250.157
1320,54,1647339611.362258000,192.168.10.155
1321,-105,1647339611.363659000,52.94.215.169
1322,54,1647339611.363687000,192.168.10.155
1323,180,1647339611.369504000,192.168.10.155
1324,719,1647339611.370836000,192.168.10.155
1325,-60,1647339611.375526000,54.240.250.157
1326,177,1647339611.385438000,192.168.10.155
1327,-60,1647339611.397898000,54.240.250.157
1328,-1514,1647339611.397899000,54.240.250.157
1329,54,1647339611.397930000,192.168.10.155
1330,-4482,1647339611.398846000,54.240.250.157
1331,-2386,1647339611.398849000,54.230.129.136
1332,54,1647339611.398898000,192.168.10.155
1333,66,1647339611.398966000,192.168.10.155
1334,180,1647339611.405593000,192.168.10.155
1335,-2974,1647339611.451651000,52.94.215.169
1336,54,1647339611.451729000,192.168.10.155
1337,-1797,1647339611.452986000,52.94.215.169
1338,-8814,1647339611.452990000,52.94.215.169
1339,54,1647339611.453026000,192.168.10.155
1340,-14654,1647339611.453077000,52.94.215.169
1341,54,1647339611.453079000,192.168.10.155
1342,54,1647339611.453100000,192.168.10.155
1343,-105,1647339611.465389000,54.240.250.157
1344,54,1647339611.465425000,192.168.10.155
1345,-105,1647339611.465448000,54.240.250.157
1346,54,1647339611.465454000,192.168.10.155
1347,593,1647339611.466179000,192.168.10.155
1348,593,1647339611.466283000,192.168.10.155
1349,-105,1647339611.474181000,54.240.250.157
1350,54,1647339611.474202000,192.168.10.155
1351,-2974,1647339611.506396000,52.94.215.169
1352,54,1647339611.506411000,192.168.10.155
1353,-11734,1647339611.507124000,52.94.215.169
1354,54,1647339611.507127000,192.168.10.155
1355,74,1647339611.508315000,192.168.10.155
1356,-105,1647339611.527679000,54.240.250.157
1357,54,1647339611.527699000,192.168.10.155
1358,74,1647339611.538740000,192.168.10.155
1359,74,1647339611.538858000,192.168.10.155
1360,74,1647339611.538938000,192.168.10.155
1361,-2974,1647339611.568813000,52.94.215.169
1362,54,1647339611.568829000,192.168.10.155
1363,-2751,1647339611.569433000,52.94.215.169
1364,-8830,1647339611.569435000,52.94.215.169
1365,54,1647339611.569447000,192.168.10.155
1366,54,1647339611.569469000,192.168.10.155
1367,162,1647339611.587995000,192.168.10.155
1368,-689,1647339611.594393000,54.240.250.157
1369,-1494,1647339611.594394000,54.230.129.136
1370,54,1647339611.594428000,192.168.10.155
1371,66,1647339611.594457000,192.168.10.155
1372,739,1647339611.595693000,192.168.10.155
1373,-15044,1647339611.595776000,54.230.129.136
1374,66,1647339611.595793000,192.168.10.155
1375,-12646,1647339611.595823000,54.230.129.136
1376,66,1647339611.595829000,192.168.10.155
1377,-689,1647339611.595839000,54.240.250.157
1378,54,1647339611.595847000,192.168.10.155
1379,739,1647339611.598092000,192.168.10.155
1380,162,1647339611.608429000,192.168.10.155
1381,-2974,1647339611.615969000,52.94.215.169
1382,54,1647339611.616004000,192.168.10.155
1383,-66,1647339611.617001000,52.119.166.51
1384,-3538,1647339611.617003000,54.230.129.136
1385,-4108,1647339611.617004000,52.94.215.169
1386,-5248,1647339611.617005000,54.230.129.136
1387,54,1647339611.617040000,192.168.10.155
1388,66,1647339611.617066000,192.168.10.155
1389,54,1647339611.617074000,192.168.10.155
1390,66,1647339611.617079000,192.168.10.155
1391,-97,1647339611.617086000,54.230.129.136
1392,66,1647339611.617089000,192.168.10.155
1393,571,1647339611.624554000,192.168.10.155
1394,739,1647339611.647227000,192.168.10.155
1395,739,1647339611.650084000,192.168.10.155
1396,-66,1647339611.659628000,54.240.253.31
1397,54,1647339611.659658000,192.168.10.155
1398,-66,1647339611.660431000,54.240.253.31
1399,54,1647339611.660446000,192.168.10.155
1400,571,1647339611.663040000,192.168.10.155
1401,571,1647339611.665774000,192.168.10.155
1402,-66,1647339611.670604000,54.240.253.31
1403,54,1647339611.670643000,192.168.10.155
1404,571,1647339611.672779000,192.168.10.155
1405,162,1647339611.691673000,192.168.10.155
1406,-2922,1647339611.698535000,54.230.129.136
1407,66,1647339611.698611000,192.168.10.155
1408,-8952,1647339611.699049000,54.230.129.136
1409,-97,1647339611.699051000,54.230.129.136
1410,66,1647339611.699103000,192.168.10.155
1411,66,1647339611.699141000,192.168.10.155
1412,-60,1647339611.725244000,52.119.166.51
1413,-696,1647339611.725245000,54.240.250.157
1414,-696,1647339611.728174000,54.240.250.157
1415,-60,1647339611.728405000,52.119.166.51
1416,-2974,1647339611.730805000,52.119.166.51
1417,54,1647339611.730828000,192.168.10.155
1418,-3105,1647339611.733486000,52.119.166.51
1419,54,1647339611.733502000,192.168.10.155
1420,180,1647339611.738972000,192.168.10.155
1421,54,1647339611.767492000,192.168.10.155
1422,-696,1647339611.768956000,54.240.250.157
1423,54,1647339611.768980000,192.168.10.155
1424,54,1647339611.771496000,192.168.10.155
1425,-696,1647339611.780081000,54.240.250.157
1426,-60,1647339611.780082000,54.240.253.31
1427,54,1647339611.780107000,192.168.10.155
1428,-60,1647339611.782064000,54.240.253.31
1429,-60,1647339611.782721000,54.240.253.31
1430,-2974,1647339611.793826000,54.240.253.31
1431,54,1647339611.793852000,192.168.10.155
1432,-3170,1647339611.799167000,54.240.253.31
1433,-60,1647339611.799168000,54.240.253.31
1434,-6090,1647339611.799170000,54.240.253.31
1435,54,1647339611.799189000,192.168.10.155
1436,54,1647339611.799213000,192.168.10.155
1437,-60,1647339611.799220000,54.240.253.31
1438,180,1647339611.803209000,192.168.10.155
1439,180,1647339611.807526000,192.168.10.155
1440,-60,1647339611.809704000,54.240.253.31
1441,-6090,1647339611.809712000,54.240.253.31
1442,54,1647339611.809743000,192.168.10.155
1443,180,1647339611.814663000,192.168.10.155
1444,-105,1647339611.865330000,52.119.166.51
1445,54,1647339611.865353000,192.168.10.155
1446,585,1647339611.866321000,192.168.10.155
1447,739,1647339611.893678000,192.168.10.155
1448,-105,1647339611.933743000,54.240.253.31
1449,-105,1647339611.933744000,54.240.253.31
1450,54,1647339611.933760000,192.168.10.155
1451,54,1647339611.933777000,192.168.10.155
1452,1514,1647339611.934296000,192.168.10.155
1453,195,1647339611.934308000,192.168.10.155
1454,639,1647339611.934386000,192.168.10.155
1455,-105,1647339611.945324000,54.240.253.31
1456,54,1647339611.945342000,192.168.10.155
1457,1494,1647339611.964322000,192.168.10.155
1458,761,1647339611.964335000,192.168.10.155
1459,1514,1647339611.964564000,192.168.10.155
1460,1191,1647339611.964570000,192.168.10.155
1461,1475,1647339611.972300000,192.168.10.155
1462,-66,1647339611.976643000,54.230.130.235
1463,74,1647339611.977329000,192.168.10.155
1464,-439,1647339611.987032000,52.119.166.51
1465,54,1647339611.987095000,192.168.10.155
1466,-696,1647339612.023204000,54.240.250.157
1467,54,1647339612.023232000,192.168.10.155
1468,149,1647339612.036323000,192.168.10.155
1469,74,1647339612.037645000,192.168.10.155
1470,-1494,1647339612.039787000,54.230.129.136
1471,-1494,1647339612.039883000,54.230.129.136
1472,66,1647339612.039990000,192.168.10.155
1473,-2127,1647339612.040596000,54.230.129.136
1474,66,1647339612.040610000,192.168.10.155
1475,-74,1647339612.046443000,54.239.163.138
1476,66,1647339612.046489000,192.168.10.155
1477,583,1647339612.050032000,192.168.10.155
1478,-60,1647339612.057560000,54.240.253.31
1479,-66,1647339612.057561000,54.239.163.138
1480,-4350,1647339612.058363000,54.239.163.138
1481,66,1647339612.058391000,192.168.10.155
1482,-1756,1647339612.060633000,54.239.163.138
1483,66,1647339612.060652000,192.168.10.155
1484,130,1647339612.066902000,192.168.10.155
1485,236,1647339612.067435000,192.168.10.155
1486,385,1647339612.068595000,192.168.10.155
1487,-659,1647339612.069251000,54.240.253.31
1488,-105,1647339612.069252000,54.240.253.31
1489,-756,1647339612.069252000,54.240.253.31
1490,-103,1647339612.069252000,54.240.253.31
1491,54,1647339612.069271000,192.168.10.155
1492,54,1647339612.069298000,192.168.10.155
1493,54,1647339612.069310000,192.168.10.155
1494,54,1647339612.069316000,192.168.10.155
1495,-66,1647339612.070886000,54.239.163.138
1496,-66,1647339612.070974000,54.239.163.138
1497,-66,1647339612.071269000,54.239.163.138
1498,-137,1647339612.071270000,54.239.163.138
1499,66,1647339612.071292000,192.168.10.155
1500,97,1647339612.071398000,192.168.10.155
1501,-2922,1647339612.073725000,54.239.163.138
1502,66,1647339612.073745000,192.168.10.155
1503,-6858,1647339612.079624000,54.239.163.138
1504,66,1647339612.079648000,192.168.10.155
1505,-66,1647339612.080729000,54.239.163.138
1506,-668,1647339612.082146000,54.230.130.235
1507,66,1647339612.082169000,192.168.10.155
1508,-97,1647339612.082226000,54.230.130.235
1509,66,1647339612.082233000,192.168.10.155
1510,-66,1647339612.092700000,54.240.253.31
1511,-66,1647339612.092702000,34.212.88.171
1512,54,1647339612.092746000,192.168.10.155
1513,-234,1647339612.093332000,34.212.88.171
1514,-104,1647339612.093332000,34.212.88.171
1515,66,1647339612.093353000,192.168.10.155
1516,66,1647339612.093372000,192.168.10.155
1517,571,1647339612.096986000,192.168.10.155
1518,1514,1647339612.099727000,192.168.10.155
1519,569,1647339612.099750000,192.168.10.155
1520,518,1647339612.107970000,192.168.10.155
1521,437,1647339612.108510000,192.168.10.155
1522,780,1647339612.110797000,192.168.10.155
1523,691,1647339612.111858000,192.168.10.155
1524,-235,1647339612.114530000,34.212.88.171
1525,-104,1647339612.114531000,34.212.88.171
1526,66,1647339612.114555000,192.168.10.155
1527,66,1647339612.114574000,192.168.10.155
1528,105,1647339612.127622000,192.168.10.155
1529,105,1647339612.127793000,192.168.10.155
1530,105,1647339612.128006000,192.168.10.155
1531,112,1647339612.128058000,192.168.10.155
1532,85,1647339612.128298000,192.168.10.155
1533,54,1647339612.128319000,192.168.10.155
1534,85,1647339612.128431000,192.168.10.155
1535,54,1647339612.128448000,192.168.10.155
1536,85,1647339612.128552000,192.168.10.155
1537,54,1647339612.128567000,192.168.10.155
1538,85,1647339612.128859000,192.168.10.155
1539,54,1647339612.128878000,192.168.10.155
1540,85,1647339612.129011000,192.168.10.155
1541,54,1647339612.129027000,192.168.10.155
1542,85,1647339612.129175000,192.168.10.155
1543,54,1647339612.129190000,192.168.10.155
1544,85,1647339612.129325000,192.168.10.155
1545,54,1647339612.129338000,192.168.10.155
1546,85,1647339612.129549000,192.168.10.155
1547,54,1647339612.129569000,192.168.10.155
1548,85,1647339612.129859000,192.168.10.155
1549,54,1647339612.129876000,192.168.10.155
1550,85,1647339612.130006000,192.168.10.155
1551,54,1647339612.130022000,192.168.10.155
1552,85,1647339612.130296000,192.168.10.155
1553,54,1647339612.130314000,192.168.10.155
1554,97,1647339612.130507000,192.168.10.155
1555,66,1647339612.130519000,192.168.10.155
1556,90,1647339612.131040000,192.168.10.155
1557,90,1647339612.131280000,192.168.10.155
1558,90,1647339612.131722000,192.168.10.155
1559,97,1647339612.131893000,192.168.10.155
1560,74,1647339612.133039000,192.168.10.155
1561,74,1647339612.133480000,192.168.10.155
1562,-66,1647339612.137850000,54.230.129.136
1563,-66,1647339612.137851000,54.230.130.62
1564,-66,1647339612.138192000,54.230.130.22
1565,-66,1647339612.138193000,54.239.163.138
1566,-66,1647339612.138193000,54.230.129.136
1567,-66,1647339612.138195000,54.230.129.136
1568,-66,1647339612.138195000,54.230.130.62
1569,66,1647339612.138223000,192.168.10.155
1570,66,1647339612.138264000,192.168.10.155
1571,66,1647339612.138306000,192.168.10.155
1572,-66,1647339612.138325000,54.239.163.138
1573,-66,1647339612.138326000,54.230.129.136
1574,66,1647339612.138332000,192.168.10.155
1575,66,1647339612.138343000,192.168.10.155
1576,74,1647339612.140992000,192.168.10.155
1577,74,1647339612.141784000,192.168.10.155
1578,74,1647339612.142730000,192.168.10.155
1579,74,1647339612.144540000,192.168.10.155
1580,-74,1647339612.149492000,54.230.130.235
1581,-74,1647339612.149493000,54.230.129.136
1582,66,1647339612.149523000,192.168.10.155
1583,66,1647339612.149545000,192.168.10.155
1584,583,1647339612.155009000,192.168.10.155
1585,583,1647339612.159946000,192.168.10.155
1586,-66,1647339612.160888000,54.230.130.235
1587,-66,1647339612.160889000,54.230.130.235
1588,74,1647339612.161209000,192.168.10.155
1589,74,1647339612.161394000,192.168.10.155
1590,-2922,1647339612.162021000,54.230.130.235
1591,66,1647339612.162038000,192.168.10.155
1592,-1494,1647339612.162568000,54.230.130.235
1593,66,1647339612.162579000,192.168.10.155
1594,-66,1647339612.164998000,54.230.129.136
1595,-1037,1647339612.164999000,54.230.130.235
1596,66,1647339612.165022000,192.168.10.155
1597,130,1647339612.170106000,192.168.10.155
1598,236,1647339612.170596000,192.168.10.155
1599,1494,1647339612.170821000,192.168.10.155
1600,289,1647339612.170828000,192.168.10.155
1601,-4350,1647339612.171205000,54.230.129.136
1602,66,1647339612.171217000,192.168.10.155
1603,1377,1647339612.171740000,192.168.10.155
1604,381,1647339612.172024000,192.168.10.155
1605,-997,1647339612.172269000,54.230.129.136
1606,66,1647339612.172274000,192.168.10.155
1607,288,1647339612.172861000,192.168.10.155
1608,-66,1647339612.173075000,54.230.130.235
1609,-66,1647339612.173076000,54.230.130.235
1610,-137,1647339612.174421000,54.230.130.235
1611,-66,1647339612.174422000,54.230.130.235
1612,-66,1647339612.174422000,54.230.130.235
1613,-66,1647339612.174422000,54.230.130.235
1614,66,1647339612.174432000,192.168.10.155
1615,97,1647339612.174777000,192.168.10.155
1616,130,1647339612.176142000,192.168.10.155
1617,236,1647339612.176482000,192.168.10.155
1618,695,1647339612.177275000,192.168.10.155
1619,-66,1647339612.177513000,54.230.130.235
1620,-66,1647339612.177514000,54.230.130.235
1621,341,1647339612.177829000,192.168.10.155
1622,282,1647339612.183233000,192.168.10.155
1623,-66,1647339612.183315000,54.230.130.235
1624,-66,1647339612.183316000,54.230.129.136
1625,-66,1647339612.183316000,54.230.129.136
1626,-137,1647339612.183316000,54.230.129.136
1627,-66,1647339612.183316000,54.230.129.136
1628,-66,1647339612.183317000,54.230.129.136
1629,66,1647339612.183341000,192.168.10.155
1630,97,1647339612.183393000,192.168.10.155
1631,-2922,1647339612.185496000,54.230.129.136
1632,66,1647339612.185506000,192.168.10.155
1633,-13616,1647339612.185763000,54.230.129.136
1634,66,1647339612.185772000,192.168.10.155
1635,-1784,1647339612.185803000,54.230.129.136
1636,-16472,1647339612.185806000,54.230.129.136
1637,66,1647339612.185812000,192.168.10.155
1638,66,1647339612.185817000,192.168.10.155
1639,-2922,1647339612.185824000,54.230.129.136
1640,66,1647339612.185826000,192.168.10.155
1641,-66,1647339612.186436000,54.230.130.235
1642,-2922,1647339612.186437000,54.230.129.136
1643,66,1647339612.186460000,192.168.10.155
1644,-2922,1647339612.199390000,54.230.129.136
1645,66,1647339612.199412000,192.168.10.155
1646,-2922,1647339612.203447000,54.230.129.136
1647,-18630,1647339612.203451000,54.230.129.136
1648,66,1647339612.203478000,192.168.10.155
1649,66,1647339612.203503000,192.168.10.155
1650,-4350,1647339612.203539000,54.230.129.136
1651,-14346,1647339612.203541000,54.230.129.136
1652,66,1647339612.203550000,192.168.10.155
1653,66,1647339612.203556000,192.168.10.155
1654,-4350,1647339612.203594000,54.230.129.136
1655,-12918,1647339612.203597000,54.230.129.136
1656,66,1647339612.203601000,192.168.10.155
1657,66,1647339612.203607000,192.168.10.155
1658,-60,1647339612.203617000,54.240.253.31
1659,-2554,1647339612.203617000,54.230.129.136
1660,66,1647339612.203625000,192.168.10.155
1661,-2922,1647339612.212097000,54.230.129.136
1662,66,1647339612.212113000,192.168.10.155
1663,-7490,1647339612.212152000,54.230.129.136
1664,66,1647339612.212156000,192.168.10.155
1665,-60,1647339612.213432000,54.240.253.31
1666,-6090,1647339612.213434000,54.240.253.31
1667,-8554,1647339612.213436000,54.230.129.136
1668,54,1647339612.213470000,192.168.10.155
1669,66,1647339612.213494000,192.168.10.155
1670,-10226,1647339612.213524000,54.230.129.136
1671,66,1647339612.213530000,192.168.10.155
1672,-18630,1647339612.213581000,54.230.129.136
1673,66,1647339612.213587000,192.168.10.155
1674,-7561,1647339612.213622000,54.230.129.136
1675,66,1647339612.213628000,192.168.10.155
1676,-60,1647339612.226035000,54.240.253.31
1677,180,1647339612.228467000,192.168.10.155
1678,-235,1647339612.228618000,34.212.88.171
1679,-104,1647339612.228620000,34.212.88.171
1680,66,1647339612.228642000,192.168.10.155
1681,66,1647339612.228655000,192.168.10.155
1682,-66,1647339612.232001000,34.212.88.171
1683,-60,1647339612.232002000,52.119.174.17
1684,54,1647339612.232036000,192.168.10.155
1685,-235,1647339612.235008000,34.212.88.171
1686,-104,1647339612.235009000,34.212.88.171
1687,66,1647339612.235028000,192.168.10.155
1688,66,1647339612.235048000,192.168.10.155
1689,-235,1647339612.239073000,34.212.88.171
1690,-104,1647339612.239074000,34.212.88.171
1691,-235,1647339612.239074000,34.212.88.171
1692,-104,1647339612.239074000,34.212.88.171
1693,-74,1647339612.239075000,34.212.88.171
1694,-682,1647339612.239075000,54.240.253.31
1695,66,1647339612.239093000,192.168.10.155
1696,66,1647339612.239117000,192.168.10.155
1697,66,1647339612.239125000,192.168.10.155
1698,66,1647339612.239130000,192.168.10.155
1699,66,1647339612.239145000,192.168.10.155
1700,-60,1647339612.239970000,52.119.166.51
1701,-60,1647339612.239971000,52.119.166.51
1702,-60,1647339612.239971000,54.240.250.157
1703,-60,1647339612.239971000,52.94.215.169
1704,-60,1647339612.239971000,52.94.215.169
1705,54,1647339612.239994000,192.168.10.155
1706,54,1647339612.240028000,192.168.10.155
1707,54,1647339612.240042000,192.168.10.155
1708,112,1647339612.242550000,192.168.10.155
1709,85,1647339612.243235000,192.168.10.155
1710,54,1647339612.243261000,192.168.10.155
1711,97,1647339612.243358000,192.168.10.155
1712,-60,1647339612.252022000,52.94.215.169
1713,-60,1647339612.252023000,52.94.215.169
1714,-60,1647339612.252023000,52.94.215.169
1715,54,1647339612.252044000,192.168.10.155
1716,54,1647339612.252065000,192.168.10.155
1717,-66,1647339612.252368000,52.94.215.169
1718,-66,1647339612.252368000,52.94.215.169
1719,-60,1647339612.252368000,54.240.250.157
1720,54,1647339612.252379000,192.168.10.155
1721,54,1647339612.252387000,192.168.10.155
1722,54,1647339612.252392000,192.168.10.155
1723,-60,1647339612.253817000,54.240.253.31
1724,-60,1647339612.253818000,54.240.250.157
1725,54,1647339612.253845000,192.168.10.155
1726,54,1647339612.253871000,192.168.10.155
1727,583,1647339612.255721000,192.168.10.155
1728,-60,1647339612.255949000,54.240.250.157
1729,-60,1647339612.255950000,54.240.250.157
1730,-1494,1647339612.255951000,54.230.130.235
1731,54,1647339612.255980000,192.168.10.155
1732,-893,1647339612.257167000,54.230.130.235
1733,-97,1647339612.257168000,54.230.130.235
1734,-66,1647339612.257168000,52.94.215.169
1735,66,1647339612.257180000,192.168.10.155
1736,54,1647339612.257197000,192.168.10.155
1737,571,1647339612.259252000,192.168.10.155
1738,571,1647339612.263038000,192.168.10.155
1739,105,1647339612.263516000,192.168.10.155
1740,90,1647339612.263632000,192.168.10.155
1741,-60,1647339612.265574000,54.240.253.31
1742,-66,1647339612.265575000,52.94.215.169
1743,54,1647339612.265595000,192.168.10.155
1744,54,1647339612.265619000,192.168.10.155
1745,-66,1647339612.266382000,52.94.215.169
1746,54,1647339612.266391000,192.168.10.155
1747,571,1647339612.267107000,192.168.10.155
1748,-66,1647339612.267260000,54.230.130.235
1749,-66,1647339612.267372000,54.230.130.235
1750,66,1647339612.267380000,192.168.10.155
1751,571,1647339612.270262000,192.168.10.155
1752,571,1647339612.273566000,192.168.10.155
1753,74,1647339612.274219000,192.168.10.155
1754,-667,1647339612.280872000,54.230.130.235
1755,-97,1647339612.280873000,54.230.130.235
1756,66,1647339612.280892000,192.168.10.155
1757,66,1647339612.280911000,192.168.10.155
1758,-667,1647339612.290223000,54.230.130.235
1759,-97,1647339612.290224000,54.230.130.235
1760,66,1647339612.290245000,192.168.10.155
1761,-667,1647339612.290527000,54.230.130.235
1762,66,1647339612.290664000,192.168.10.155
1763,-97,1647339612.290750000,54.230.130.235
1764,66,1647339612.291184000,192.168.10.155
1765,-2391,1647339612.317854000,54.230.130.235
1766,66,1647339612.317884000,192.168.10.155
1767,-97,1647339612.320300000,54.230.130.235
1768,-2375,1647339612.320302000,54.230.130.235
1769,-97,1647339612.320303000,54.230.130.235
1770,-2323,1647339612.320304000,54.230.130.235
1771,-97,1647339612.320305000,54.230.130.235
1772,66,1647339612.320367000,192.168.10.155
1773,66,1647339612.320437000,192.168.10.155
1774,-2393,1647339612.328230000,54.230.130.235
1775,-97,1647339612.328231000,54.230.130.235
1776,66,1647339612.328252000,192.168.10.155
1777,66,1647339612.328509000,192.168.10.155
1778,-105,1647339612.335429000,54.240.253.31
1779,54,1647339612.335451000,192.168.10.155
1780,1514,1647339612.339655000,192.168.10.155
1781,1510,1647339612.339676000,192.168.10.155
1782,74,1647339612.344275000,192.168.10.155
1783,74,1647339612.348893000,192.168.10.155
1784,-66,1647339612.362291000,34.212.88.171
1785,-66,1647339612.362292000,34.212.88.171
1786,-60,1647339612.362293000,52.94.215.169
1787,66,1647339612.362341000,192.168.10.155
1788,-60,1647339612.370917000,52.94.215.169
1789,-66,1647339612.370919000,34.212.88.171
1790,-60,1647339612.371699000,54.240.253.31
1791,-60,1647339612.371700000,54.240.253.31
1792,-5511,1647339612.371702000,34.212.88.171
1793,-60,1647339612.371702000,52.94.215.169
1794,-60,1647339612.371703000,52.94.215.169
1795,54,1647339612.371791000,192.168.10.155
1796,66,1647339612.371866000,192.168.10.155
1797,-60,1647339612.371896000,52.94.215.169
1798,-2974,1647339612.372622000,52.94.215.169
1799,54,1647339612.372656000,192.168.10.155
1800,-3041,1647339612.373498000,52.94.215.169
1801,54,1647339612.373509000,192.168.10.155
1802,-60,1647339612.374723000,52.94.215.169
1803,-60,1647339612.375236000,52.94.215.169
1804,192,1647339612.377140000,192.168.10.155
1805,-1514,1647339612.377821000,52.94.215.169
1806,54,1647339612.377840000,192.168.10.155
1807,-4501,1647339612.377874000,52.94.215.169
1808,54,1647339612.377878000,192.168.10.155
1809,-60,1647339612.383903000,52.94.215.169
1810,-1514,1647339612.383904000,52.94.215.169
1811,54,1647339612.383931000,192.168.10.155
1812,-4501,1647339612.386219000,52.94.215.169
1813,-60,1647339612.386221000,52.94.215.169
1814,-60,1647339612.386222000,52.94.215.169
1815,-5894,1647339612.386224000,52.94.215.169
1816,54,1647339612.386294000,192.168.10.155
1817,54,1647339612.386382000,192.168.10.155
1818,-121,1647339612.386437000,52.94.215.169
1819,-5961,1647339612.386440000,52.94.215.169
1820,54,1647339612.386452000,192.168.10.155
1821,54,1647339612.386464000,192.168.10.155
1822,180,1647339612.387547000,192.168.10.155
1823,180,1647339612.403808000,192.168.10.155
1824,-66,1647339612.409727000,52.94.215.169
1825,54,1647339612.409760000,192.168.10.155
1826,180,1647339612.413798000,192.168.10.155
1827,180,1647339612.419080000,192.168.10.155
1828,180,1647339612.437778000,192.168.10.155
1829,571,1647339612.445373000,192.168.10.155
1830,-60,1647339612.449212000,54.240.253.31
1831,-66,1647339612.449213000,54.240.253.31
1832,54,1647339612.449244000,192.168.10.155
1833,571,1647339612.457548000,192.168.10.155
1834,-681,1647339612.463321000,54.240.253.31
1835,54,1647339612.463340000,192.168.10.155
1836,85,1647339612.465350000,192.168.10.155
1837,54,1647339612.465381000,192.168.10.155
1838,-66,1647339612.467139000,54.240.253.31
1839,54,1647339612.467166000,192.168.10.155
1840,571,1647339612.470516000,192.168.10.155
1841,344,1647339612.490196000,192.168.10.155
1842,-324,1647339612.494493000,34.212.88.171
1843,-135,1647339612.494494000,34.212.88.171
1844,-105,1647339612.494494000,52.94.215.169
1845,66,1647339612.494517000,192.168.10.155
1846,66,1647339612.494538000,192.168.10.155
1847,54,1647339612.494545000,192.168.10.155
1848,567,1647339612.494882000,192.168.10.155
1849,-66,1647339612.495070000,54.230.130.235
1850,243,1647339612.496937000,192.168.10.155
1851,676,1647339612.497002000,192.168.10.155
1852,438,1647339612.498384000,192.168.10.155
1853,808,1647339612.498640000,192.168.10.155
1854,1514,1647339612.501071000,192.168.10.155
1855,1420,1647339612.501088000,192.168.10.155
1856,1514,1647339612.501343000,192.168.10.155
1857,1514,1647339612.501349000,192.168.10.155
1858,1514,1647339612.503677000,192.168.10.155
1859,1514,1647339612.503686000,192.168.10.155
1860,282,1647339612.507796000,192.168.10.155
1861,-66,1647339612.516760000,54.230.130.235
1862,-105,1647339612.516761000,52.94.215.169
1863,54,1647339612.516793000,192.168.10.155
1864,600,1647339612.517120000,192.168.10.155
1865,282,1647339612.519538000,192.168.10.155
1866,-66,1647339612.523745000,54.230.130.235
1867,306,1647339612.524328000,192.168.10.155
1868,286,1647339612.525813000,192.168.10.155
1869,278,1647339612.526773000,192.168.10.155
1870,-66,1647339612.528323000,54.230.130.235
1871,-66,1647339612.528324000,54.230.130.235
1872,-105,1647339612.530817000,52.94.215.169
1873,-66,1647339612.530818000,54.230.130.235
1874,54,1647339612.530843000,192.168.10.155
1875,305,1647339612.531049000,192.168.10.155
1876,739,1647339612.531369000,192.168.10.155
1877,-105,1647339612.533052000,52.94.215.169
1878,54,1647339612.533144000,192.168.10.155
1879,710,1647339612.533740000,192.168.10.155
1880,-66,1647339612.535556000,54.230.130.235
1881,-60,1647339612.537628000,52.94.215.169
1882,-105,1647339612.548772000,52.94.215.169
1883,54,1647339612.548796000,192.168.10.155
1884,600,1647339612.549146000,192.168.10.155
1885,-60,1647339612.558378000,54.240.253.31
1886,-60,1647339612.572136000,54.240.253.31
1887,-1514,1647339612.572137000,54.240.253.31
1888,54,1647339612.572171000,192.168.10.155
1889,-4630,1647339612.573926000,54.240.253.31
1890,-60,1647339612.573927000,54.240.253.31
1891,54,1647339612.573944000,192.168.10.155
1892,54,1647339612.573977000,192.168.10.155
1893,-60,1647339612.575516000,52.94.215.169
1894,180,1647339612.581400000,192.168.10.155
1895,-2974,1647339612.583659000,52.94.215.169
1896,54,1647339612.583678000,192.168.10.155
1897,-3041,1647339612.584524000,52.94.215.169
1898,54,1647339612.584538000,192.168.10.155
1899,-60,1647339612.590573000,54.240.253.31
1900,-60,1647339612.590574000,54.240.253.31
1901,180,1647339612.593087000,192.168.10.155
1902,105,1647339612.593613000,192.168.10.155
1903,90,1647339612.594409000,192.168.10.155
1904,-2974,1647339612.595479000,54.240.253.31
1905,54,1647339612.595499000,192.168.10.155
1906,-3170,1647339612.595611000,54.240.253.31
1907,54,1647339612.595620000,192.168.10.155
1908,-104,1647339612.597210000,34.212.88.171
1909,1514,1647339612.597236000,192.168.10.155
1910,1514,1647339612.597249000,192.168.10.155
1911,-66,1647339612.597961000,54.230.129.136
1912,-66,1647339612.598071000,54.230.129.136
1913,66,1647339612.598080000,192.168.10.155
1914,-668,1647339612.600796000,54.230.130.235
1915,-97,1647339612.600797000,54.230.130.235
1916,-236,1647339612.600797000,34.212.88.171
1917,66,1647339612.600813000,192.168.10.155
1918,66,1647339612.600829000,192.168.10.155
1919,1514,1647339612.600842000,192.168.10.155
1920,1514,1647339612.600844000,192.168.10.155
1921,180,1647339612.601189000,192.168.10.155
1922,-104,1647339612.606706000,34.212.88.171
1923,-66,1647339612.606707000,34.212.88.171
1924,-235,1647339612.606708000,34.212.88.171
1925,1514,1647339612.606755000,192.168.10.155
1926,1514,1647339612.606777000,192.168.10.155
1927,1514,1647339612.606785000,192.168.10.155
1928,1514,1647339612.606787000,192.168.10.155
1929,-104,1647339612.607270000,34.212.88.171
1930,-540,1647339612.607271000,52.94.215.169
1931,-66,1647339612.607271000,34.212.88.171
1932,-66,1647339612.607271000,34.212.88.171
1933,-66,1647339612.607272000,34.212.88.171
1934,-235,1647339612.607272000,34.212.88.171
1935,-104,1647339612.607272000,34.212.88.171
1936,-235,1647339612.607273000,34.212.88.171
1937,54,1647339612.607298000,192.168.10.155
1938,-104,1647339612.607329000,34.212.88.171
1939,-235,1647339612.607330000,34.212.88.171
1940,1514,1647339612.607908000,192.168.10.155
1941,1514,1647339612.607927000,192.168.10.155
1942,1514,1647339612.607930000,192.168.10.155
1943,1514,1647339612.607936000,192.168.10.155
1944,1514,1647339612.607941000,192.168.10.155
1945,1514,1647339612.608275000,192.168.10.155
1946,1514,1647339612.608281000,192.168.10.155
1947,1514,1647339612.608286000,192.168.10.155
1948,1514,1647339612.608287000,192.168.10.155
1949,1514,1647339612.609061000,192.168.10.155
1950,1514,1647339612.609082000,192.168.10.155
1951,1514,1647339612.609085000,192.168.10.155
1952,85,1647339612.609125000,192.168.10.155
1953,54,1647339612.609142000,192.168.10.155
1954,74,1647339612.611575000,192.168.10.155
1955,-668,1647339612.616848000,54.230.130.235
1956,-97,1647339612.616849000,54.230.130.235
1957,66,1647339612.616873000,192.168.10.155
1958,66,1647339612.616900000,192.168.10.155
1959,-668,1647339612.629494000,54.230.130.235
1960,-97,1647339612.629495000,54.230.130.235
1961,66,1647339612.629513000,192.168.10.155
1962,66,1647339612.629535000,192.168.10.155
1963,-669,1647339612.633183000,54.230.130.235
1964,-97,1647339612.633184000,54.230.130.235
1965,-668,1647339612.633184000,54.230.130.235
1966,66,1647339612.633206000,192.168.10.155
1967,66,1647339612.633228000,192.168.10.155
1968,66,1647339612.633237000,192.168.10.155
1969,-97,1647339612.639892000,54.230.130.235
1970,-533,1647339612.639893000,52.94.215.169
1971,66,1647339612.639916000,192.168.10.155
1972,54,1647339612.639951000,192.168.10.155
1973,85,1647339612.640322000,192.168.10.155
1974,54,1647339612.640396000,192.168.10.155
1975,-670,1647339612.640507000,54.230.130.235
1976,-97,1647339612.640507000,54.230.130.235
1977,-668,1647339612.640508000,54.230.130.235
1978,-97,1647339612.640508000,54.230.130.235
1979,66,1647339612.640517000,192.168.10.155
1980,66,1647339612.640524000,192.168.10.155
1981,66,1647339612.640526000,192.168.10.155
1982,66,1647339612.640529000,192.168.10.155
1983,105,1647339612.641487000,192.168.10.155
1984,90,1647339612.641659000,192.168.10.155
1985,74,1647339612.642294000,192.168.10.155
1986,-66,1647339612.644141000,54.230.130.235
1987,-66,1647339612.648838000,54.230.130.235
1988,-540,1647339612.648839000,52.94.215.169
1989,66,1647339612.648873000,192.168.10.155
1990,54,1647339612.648914000,192.168.10.155
1991,85,1647339612.649800000,192.168.10.155
1992,54,1647339612.649826000,192.168.10.155
1993,74,1647339612.660763000,192.168.10.155
1994,-3755,1647339612.672882000,52.94.215.169
1995,54,1647339612.672908000,192.168.10.155
1996,85,1647339612.676205000,192.168.10.155
1997,54,1647339612.676237000,192.168.10.155
1998,-533,1647339612.677121000,52.94.215.169
1999,54,1647339612.677143000,192.168.10.155
2000,85,1647339612.678829000,192.168.10.155
2001,54,1647339612.678907000,192.168.10.155
2002,74,1647339612.679302000,192.168.10.155
2003,74,1647339612.679403000,192.168.10.155
2004,-105,1647339612.691548000,54.240.253.31
2005,54,1647339612.691566000,192.168.10.155
2006,1514,1647339612.691906000,192.168.10.155
2007,1514,1647339612.691917000,192.168.10.155
2008,1514,1647339612.691928000,192.168.10.155
2009,1514,1647339612.691930000,192.168.10.155
2010,1514,1647339612.694759000,192.168.10.155
2011,1514,1647339612.694771000,192.168.10.155
2012,1514,1647339612.694780000,192.168.10.155
2013,1514,1647339612.694782000,192.168.10.155
2014,1514,1647339612.696342000,192.168.10.155
2015,1514,1647339612.696353000,192.168.10.155
2016,-1553,1647339612.697158000,34.212.88.171
2017,1514,1647339612.697178000,192.168.10.155
2018,1514,1647339612.697185000,192.168.10.155
2019,-66,1647339612.704886000,34.212.88.171
2020,1514,1647339612.704912000,192.168.10.155
2021,1514,1647339612.704925000,192.168.10.155
2022,1514,1647339612.704928000,192.168.10.155
2023,1514,1647339612.704935000,192.168.10.155
2024,1514,1647339612.704938000,192.168.10.155
2025,-66,1647339612.708350000,34.212.88.171
2026,-66,1647339612.708351000,34.212.88.171
2027,-108,1647339612.708351000,34.212.88.171
2028,1514,1647339612.708380000,192.168.10.155
2029,1514,1647339612.708394000,192.168.10.155
2030,1514,1647339612.708396000,192.168.10.155
2031,1514,1647339612.708409000,192.168.10.155
2032,1514,1647339612.708412000,192.168.10.155
2033,1514,1647339612.708414000,192.168.10.155
2034,1514,1647339612.708416000,192.168.10.155
2035,1514,1647339612.708776000,192.168.10.155
2036,1514,1647339612.708783000,192.168.10.155
2037,-66,1647339612.708977000,34.212.88.171
2038,-66,1647339612.708977000,34.212.88.171
2039,-66,1647339612.708978000,34.212.88.171
2040,-66,1647339612.708978000,34.212.88.171
2041,1514,1647339612.709362000,192.168.10.155
2042,1139,1647339612.709370000,192.168.10.155
2043,-60,1647339612.709625000,52.94.215.169
2044,54,1647339612.709638000,192.168.10.155
2045,-66,1647339612.719607000,34.212.88.171
2046,-108,1647339612.719608000,34.212.88.171
2047,-105,1647339612.719923000,54.240.253.31
2048,54,1647339612.719935000,192.168.10.155
2049,1514,1647339612.720138000,192.168.10.155
2050,261,1647339612.720146000,192.168.10.155
2051,-66,1647339612.722888000,52.94.215.169
2052,54,1647339612.722912000,192.168.10.155
2053,-105,1647339612.722993000,52.94.215.169
2054,54,1647339612.723002000,192.168.10.155
2055,571,1647339612.725106000,192.168.10.155
2056,567,1647339612.725424000,192.168.10.155
2057,108,1647339612.732926000,192.168.10.155
2058,150,1647339612.733023000,192.168.10.155
2059,192,1647339612.740868000,192.168.10.155
2060,54,1647339612.743960000,192.168.10.155
2061,74,1647339612.744339000,192.168.10.155
2062,85,1647339612.748689000,192.168.10.155
2063,54,1647339612.748719000,192.168.10.155
2064,74,1647339612.750798000,192.168.10.155
2065,-60,1647339612.754209000,52.94.215.169
2066,54,1647339612.754229000,192.168.10.155
2067,-60,1647339612.760297000,52.94.215.169
2068,54,1647339612.760319000,192.168.10.155
2069,-66,1647339612.766314000,52.94.215.169
2070,54,1647339612.766331000,192.168.10.155
2071,-66,1647339612.777279000,52.94.215.169
2072,54,1647339612.777306000,192.168.10.155
2073,112,1647339612.778123000,192.168.10.155
2074,85,1647339612.778490000,192.168.10.155
2075,54,1647339612.778516000,192.168.10.155
2076,97,1647339612.778607000,192.168.10.155
2077,-66,1647339612.782574000,52.94.215.169
2078,54,1647339612.782593000,192.168.10.155
2079,-60,1647339612.790618000,52.94.215.169
2080,-60,1647339612.790619000,52.94.215.169
2081,54,1647339612.790641000,192.168.10.155
2082,-60,1647339612.795521000,52.94.215.169
2083,54,1647339612.795537000,192.168.10.155
2084,-66,1647339612.799719000,52.94.215.169
2085,-66,1647339612.799720000,34.212.88.171
2086,54,1647339612.799743000,192.168.10.155
2087,-60,1647339612.799827000,54.240.253.31
2088,1514,1647339612.799845000,192.168.10.155
2089,1514,1647339612.799850000,192.168.10.155
2090,1514,1647339612.799857000,192.168.10.155
2091,1514,1647339612.799860000,192.168.10.155
2092,-60,1647339612.801592000,54.240.253.31
2093,1514,1647339612.801617000,192.168.10.155
2094,1514,1647339612.801640000,192.168.10.155
2095,1514,1647339612.801643000,192.168.10.155
2096,-60,1647339612.801681000,54.240.253.31
